source_user_id,target_user_id
100001,100092
100001,100721
100001,100776
100001,100956
100002,100749
100002,100882
100003,100014
100003,100126
100003,100350
100003,100826
100004,100105
100004,100528
100004,100638
100005,100106
100005,100463
100005,100544
100005,100572
100006,100321
100006,100339
100006,100405
100006,100428
100006,100465
100006,100824
100007,100008
100007,100117
100007,100251
100007,100377
100007,100420
100007,100657
100007,100783
100008,100385
100008,100903
100009,100013
100009,100069
100009,100106
100009,100230
100009,100239
100009,100307
100009,100627
100010,100141
100010,100486
100010,100873
100010,100993
100011,100001
100011,100207
100011,100392
100011,100735
100012,100074
100012,100481
100012,100567
100012,100656
100012,100793
100013,100292
100013,100422
100013,100470
100013,100710
100013,100833
100014,100141
100014,100536
100014,100691
100014,100762
100014,100772
100014,100953
100015,100177
100015,100196
100015,100542
100015,100896
100015,100914
100016,100137
100016,100506
100017,100038
100017,100117
100017,100492
100017,100531
100017,100657
100017,100713
100017,100901
100018,100694
100019,100106
100019,100147
100019,100368
100019,100386
100020,100071
100020,100124
100020,100300
100020,100483
100020,100919
100021,100050
100021,100057
100021,100346
100021,100544
100021,100713
100021,100886
100022,100166
100022,100299
100022,100577
100022,100661
100022,100706
100023,100009
100023,100041
100023,100120
100023,100191
100023,100325
100023,100604
100023,100893
100024,100129
100024,100301
100024,100592
100024,100625
100025,100471
100025,100635
100025,100666
100025,100881
100026,100169
100026,100184
100026,100412
100026,100415
100026,100586
100026,100738
100026,100934
100027,100292
100027,100368
100027,100451
100027,100790
100028,100294
100028,100360
100028,100731
100028,100784
100029,100252
100029,100494
100029,100605
100029,100740
100029,100811
100029,100912
100030,100084
100030,100123
100030,100178
100030,100219
100030,100298
100030,100483
100030,100497
100030,100853
100030,100884
100031,100454
100031,100644
100032,100248
100032,100348
100032,100486
100032,100767
100033,100156
100033,100207
100033,100441
100033,100585
100033,100709
100033,100827
100034,100352
100034,100368
100034,100515
100034,100684
100034,100942
100035,100422
100035,100436
100036,100075
100036,100631
100036,100680
100036,100682
100037,100034
100037,100198
100037,100571
100037,100704
100037,100712
100038,100207
100038,100454
100038,100471
100038,100565
100038,100677
100039,100090
100039,100177
100039,100472
100039,100547
100039,100582
100039,100611
100039,100681
100039,100742
100039,100749
100039,100797
100039,100881
100040,100223
100040,100406
100040,100534
100040,100899
100041,100089
100041,100158
100041,100497
100041,100562
100041,100572
100041,100665
100041,100699
100042,100085
100042,100137
100042,100143
100042,100225
100042,100375
100042,100439
100042,100453
100042,100526
100042,100536
100042,100919
100043,100002
100043,100006
100043,100103
100043,100595
100044,100144
100044,100202
100044,100596
100044,100763
100045,100262
100045,100672
100045,100715
100045,100771
100045,100787
100045,100856
100046,100042
100046,100127
100046,100428
100046,100704
100047,100006
100047,100086
100047,100132
100047,100604
100047,100718
100047,100982
100048,100065
100048,100748
100048,100949
100049,100305
100049,100394
100049,100408
100050,100360
100050,100821
100051,100376
100051,100562
100051,100987
100052,100103
100052,100109
100052,100134
100052,100440
100052,100520
100052,100949
100053,100114
100053,100323
100053,100342
100053,100430
100053,100673
100054,100172
100054,100341
100054,100811
100054,100948
100055,100144
100055,100199
100055,100477
100055,100687
100055,100851
100056,100012
100056,100236
100056,100254
100056,100313
100056,100658
100056,100661
100056,100872
100056,100892
100056,100912
100057,100284
100057,100669
100057,100762
100058,100205
100058,100273
100058,100401
100058,100661
100058,100678
100058,100931
100059,100087
100059,100969
100060,100150
100060,100255
100060,100306
100060,100844
100061,100481
100061,100567
100062,100265
100062,100365
100062,100535
100062,100616
100062,100956
100063,100326
100063,100615
100063,100645
100064,100379
100064,100392
100064,100641
100064,100739
100065,100382
100065,100623
100065,100675
100065,100775
100065,100812
100065,100824
100066,100270
100066,100275
100066,100292
100066,100346
100066,100838
100066,100960
100067,100373
100067,100487
100067,100798
100068,100182
100068,100309
100068,100349
100068,100361
100068,100964
100069,100090
100069,100614
100069,100708
100070,100028
100070,100392
100070,100511
100070,100777
100070,100892
100071,100187
100071,100869
100071,100942
100072,100554
100072,100613
100072,100868
100072,100922
100073,100484
100073,100561
100073,100586
100073,100589
100073,100675
100073,100812
100073,100917
100074,100038
100074,100082
100074,100557
100074,100765
100074,100897
100075,100098
100075,100298
100075,100309
100075,100516
100075,100803
100076,100056
100076,100211
100076,100483
100077,100192
100077,100531
100077,100770
100078,100622
100079,100112
100079,100120
100079,100253
100079,100522
100079,100527
100079,100668
100079,100677
100079,100872
100080,100020
100080,100194
100080,100379
100080,100741
100080,100758
100080,100968
100081,100436
100081,100693
100081,100765
100081,100766
100081,100998
100082,100146
100082,100216
100082,100402
100082,100433
100082,100624
100082,100705
100083,100303
100083,100500
100083,100843
100084,100662
100084,100862
100085,100056
100085,100114
100085,100488
100085,100971
100086,100322
100086,100552
100086,100803
100086,100867
100087,100038
100087,100141
100087,100347
100087,100671
100087,100827
100087,100920
100087,100933
100087,100991
100088,100011
100088,100116
100088,100123
100088,100198
100088,100273
100088,100313
100088,100409
100088,100537
100088,100813
100089,100283
100089,100437
100089,100509
100089,100978
100090,100051
100090,100083
100090,100221
100090,100246
100091,100133
100091,100507
100091,100887
100092,100022
100092,100158
100092,100228
100092,100255
100092,100325
100092,100396
100092,100453
100092,100597
100092,100724
100092,100820
100092,100982
100093,100116
100093,100150
100093,100155
100093,100223
100093,100257
100093,100407
100093,100563
100093,100740
100093,100799
100094,100117
100094,100118
100094,100247
100094,100703
100094,100844
100095,100059
100095,100064
100095,100455
100095,100512
100096,100524
100096,100654
100096,100787
100096,100833
100097,100039
100097,100534
100097,100609
100097,100614
100098,100073
100098,100610
100098,100634
100099,100172
100099,100182
100099,100461
100099,100536
100099,100541
100099,100548
100099,100779
100100,100439
100100,100467
100100,100468
100100,100483
100100,100778
100100,100911
100100,100940
100101,100013
100101,100436
100101,100538
100101,100842
100101,100996
100102,100370
100102,100555
100102,100708
100102,100756
100102,100840
100102,100926
100102,100947
100103,100708
100103,100739
100103,100811
100103,100845
100103,100957
100104,100325
100104,100334
100104,100743
100104,100805
100104,100813
100105,100008
100105,100136
100105,100212
100105,100224
100105,100631
100105,100844
100106,100098
100106,100397
100106,100534
100107,100171
100107,100269
100107,100397
100107,100702
100107,100724
100107,100759
100107,100882
100108,100336
100108,100406
100108,100524
100108,100860
100109,100047
100109,100445
100109,100510
100109,100583
100109,100858
100109,100935
100110,100026
100110,100135
100110,100334
100110,100431
100110,100498
100110,100573
100110,100646
100111,100034
100111,100126
100111,100375
100112,100017
100112,100148
100112,100180
100112,100427
100112,100463
100112,100560
100112,100586
100112,100702
100113,100334
100113,100533
100113,100700
100114,100177
100114,100653
100114,100873
100115,100585
100115,100714
100115,100782
100115,100836
100116,100242
100116,100360
100116,100483
100116,100688
100116,100750
100116,100816
100116,100867
100116,100909
100117,100396
100117,100411
100117,100428
100117,100510
100117,100665
100117,100804
100117,100978
100118,100016
100118,100186
100118,100276
100118,100346
100118,100685
100118,100789
100119,100005
100119,100075
100119,100098
100119,100395
100119,100917
100120,100014
100120,100018
100120,100043
100120,100265
100120,100316
100120,100886
100121,100015
100121,100096
100121,100290
100121,100533
100121,100543
100121,100602
100121,100712
100121,100892
100122,100025
100122,100070
100122,100189
100122,100228
100122,100230
100122,100393
100122,100510
100122,100548
100122,100677
100122,100931
100123,100015
100123,100089
100123,100383
100123,100387
100123,100406
100123,100943
100124,100054
100124,100269
100124,100281
100124,100306
100124,100379
100124,100576
100124,100716
100124,100891
100124,100953
100125,100221
100125,100404
100125,100548
100125,100581
100125,100943
100125,100998
100126,100041
100126,100482
100126,100792
100126,100869
100127,100049
100127,100376
100127,100478
100127,100698
100127,100791
100127,100945
100128,100062
100128,100670
100129,100138
100129,100139
100129,100500
100129,100733
100129,100972
100130,100044
100130,100135
100130,100452
100130,100518
100130,100809
100131,100408
100131,100497
100131,100512
100131,100588
100132,100056
100132,100519
100132,100759
100132,100878
100133,100106
100133,100178
100133,100294
100133,100630
100133,100992
100134,100385
100134,100442
100134,100488
100134,100495
100134,100644
100134,100781
100134,100924
100135,100212
100135,100368
100135,100730
100135,100905
100136,100345
100136,100368
100136,100514
100136,100713
100136,100781
100136,100992
100137,100142
100137,100786
100138,100031
100138,100125
100138,100261
100138,100308
100138,100351
100138,100426
100138,100515
100138,100645
100139,100366
100139,100434
100139,100493
100139,100800
100139,100912
100139,100993
100140,100004
100140,100030
100140,100297
100140,100353
100140,100508
100140,100719
100141,100090
100141,100206
100141,100330
100141,100412
100141,100429
100142,100085
100142,100317
100142,100343
100142,100517
100142,100680
100142,100896
100143,100451
100143,100656
100144,100242
100144,100457
100144,100550
100144,100732
100145,100127
100145,100551
100145,100712
100145,100776
100146,100165
100146,100631
100147,100146
100147,100157
100147,100324
100147,100405
100148,100110
100148,100188
100148,100213
100148,100285
100148,100518
100148,100634
100148,100739
100148,100882
100149,100086
100149,100184
100149,100483
100149,100610
100149,100672
100149,100875
100149,100890
100150,100318
100150,100754
100150,100789
100150,100820
100151,100058
100151,100081
100151,100677
100151,100718
100151,100729
100152,100127
100152,100362
100152,100382
100152,100509
100152,100524
100152,100581
100152,100890
100153,100131
100153,100464
100153,100702
100153,100860
100153,100888
100153,100936
100153,100944
100153,100973
100154,100197
100154,100209
100154,100485
100154,100530
100154,100621
100155,100896
100155,100925
100155,100998
100156,100051
100156,100717
100156,100772
100156,100828
100157,100052
100157,100121
100157,100160
100157,100211
100157,100311
100157,100580
100157,100757
100158,100195
100158,100269
100158,100296
100158,100550
100158,100628
100158,100663
100158,100858
100159,100335
100159,100437
100159,100516
100159,100954
100160,100005
100160,100142
100160,100311
100160,100401
100160,100776
100161,100019
100161,100518
100161,100519
100161,100547
100161,100601
100161,100809
100162,100256
100162,100281
100162,100512
100162,100650
100162,100805
100163,100068
100163,100179
100163,100782
100163,100998
100164,100024
100164,100107
100164,100184
100164,100280
100164,100388
100164,100426
100164,100687
100164,100855
100165,100071
100165,100263
100165,100399
100165,100599
100165,100666
100165,100716
100165,100729
100165,100876
100165,100938
100166,100103
100166,100244
100166,100352
100166,100698
100166,100721
100167,100398
100167,100596
100167,100659
100167,100875
100167,100890
100168,100055
100168,100062
100168,100068
100168,100198
100168,100723
100168,100736
100168,100826
100168,100858
100169,100283
100169,100318
100169,100504
100170,100236
100170,100585
100170,100716
100170,100725
100171,100116
100171,100265
100171,100407
100171,100433
100171,100448
100171,100925
100172,100001
100172,100067
100172,100216
100172,100646
100172,100656
100172,100748
100172,100814
100173,100005
100173,100051
100173,100293
100173,100591
100173,100801
100173,100977
100174,100021
100174,100061
100174,100359
100174,100516
100174,100587
100174,100867
100175,100030
100175,100062
100175,100225
100175,100245
100175,100935
100176,100060
100176,100073
100176,100672
100177,100251
100177,100727
100178,100089
100178,100749
100179,100386
100179,100947
100180,100115
100180,100199
100180,100220
100180,100268
100180,100445
100180,100570
100180,100656
100180,100860
100181,100119
100181,100316
100181,100432
100181,100660
100182,100321
100182,100465
100182,100571
100182,100700
100182,100984
100182,100990
100183,100166
100183,100246
100183,100397
100183,100488
100183,100516
100183,100627
100183,100814
100183,100895
100184,100267
100184,100296
100184,100380
100184,100504
100184,100624
100184,100949
100185,100057
100185,100321
100185,100419
100185,100425
100185,100466
100185,100735
100185,100798
100185,100905
100186,100121
100186,100301
100186,100317
100186,100626
100186,100819
100186,100855
100187,100403
100187,100639
100187,100683
100187,100997
100188,100037
100188,100717
100188,100760
100188,100784
100188,100839
100188,100970
100189,100211
100189,100227
100189,100511
100189,100674
100189,100873
100189,100875
100190,100027
100190,100152
100190,100687
100190,100759
100190,100809
100191,100180
100191,100204
100191,100435
100192,100123
100192,100162
100192,100562
100192,100591
100192,100610
100193,100013
100193,100169
100193,100453
100193,100569
100193,100815
100193,100874
100193,100914
100194,100006
100194,100065
100194,100153
100194,100422
100194,100429
100194,100725
100195,100141
100195,100144
100195,100299
100195,100352
100195,100511
100195,100537
100196,100019
100196,100089
100196,100329
100196,100719
100196,100734
100196,100969
100197,100012
100197,100102
100197,100481
100197,100918
100197,100988
100198,100035
100198,100168
100198,100539
100198,100843
100198,100897
100199,100002
100199,100326
100199,100509
100199,100648
100200,100035
100200,100466
100200,100598
100200,100976
100201,100024
100201,100193
100201,100211
100201,100356
100201,100575
100202,100270
100202,100536
100203,100530
100203,100731
100203,100744
100204,100087
100204,100269
100204,100370
100204,100472
100204,100624
100204,100802
100205,100161
100205,100191
100205,100385
100205,100749
100205,100797
100205,100843
100206,100198
100206,100215
100206,100374
100206,100625
100206,100739
100207,100266
100207,100301
100207,100302
100207,100367
100207,100450
100207,100707
100207,100843
100207,100936
100208,100171
100208,100181
100208,100246
100208,100437
100208,100536
100208,100884
100209,100381
100209,100424
100209,100802
100209,100890
100210,100130
100210,100534
100211,100252
100211,100551
100211,100602
100211,100742
100211,100768
100211,100933
100212,100147
100212,100800
100213,100051
100213,100705
100213,100807
100213,100819
100213,100895
100214,100276
100214,100284
100214,100592
100214,100834
100215,100134
100215,100329
100215,100446
100215,100493
100215,100751
100215,100772
100216,100687
100216,100767
100216,100908
100217,100121
100217,100154
100217,100190
100217,100209
100217,100423
100217,100752
100217,100827
100217,100884
100217,100936
100218,100467
100218,100598
100218,100731
100218,100790
100218,100929
100219,100886
100219,100922
100220,100031
100220,100385
100220,100457
100220,100521
100220,100877
100220,100943
100221,100344
100221,100469
100221,100834
100222,100460
100222,100827
100222,100951
100222,100984
100223,100351
100223,100440
100223,100603
100223,100733
100223,100752
100224,100279
100224,100916
100224,100997
100225,100537
100225,100602
100225,100743
100226,100066
100226,100140
100226,100270
100226,100457
100226,100694
100226,100908
100227,100270
100227,100621
100227,100852
100228,100380
100228,100443
100228,100703
100228,100730
100228,100761
100229,100564
100229,100913
100229,100999
100230,100022
100230,100028
100230,100499
100230,100591
100230,100664
100231,100156
100231,100329
100231,100643
100232,100004
100232,100034
100232,100079
100233,100496
100233,100509
100233,100825
100234,100101
100234,100142
100234,100230
100234,100322
100234,100467
100235,100208
100235,100254
100235,100524
100235,100834
100235,100961
100236,100089
100236,100369
100236,100388
100236,100425
100236,100798
100237,100057
100237,100390
100237,100545
100237,100704
100238,100065
100238,100512
100238,100520
100239,100325
100239,100859
100239,100880
100239,100932
100239,100948
100240,100044
100240,100205
100240,100359
100240,100389
100240,100581
100240,100936
100241,100081
100241,100103
100241,100171
100241,100215
100241,100443
100241,100664
100241,100739
100241,100754
100242,100178
100242,100197
100242,100377
100242,100416
100242,100497
100242,100514
100242,100569
100242,100633
100242,100958
100243,100162
100243,100730
100243,100756
100244,100051
100244,100262
100244,100524
100244,100615
100245,100117
100245,100553
100245,100636
100245,100792
100246,100106
100246,100260
100247,100086
100247,100155
100247,100339
100247,100916
100247,100927
100248,100518
100248,100588
100248,100752
100248,100853
100248,100894
100249,100074
100249,100691
100249,100719
100249,100972
100250,100045
100250,100562
100250,100741
100250,100982
100251,100119
100251,100254
100252,100234
100252,100484
100252,100551
100252,100855
100253,100254
100253,100759
100253,100782
100254,100522
100254,100945
100255,100003
100255,100232
100255,100379
100255,100395
100255,100536
100256,100034
100256,100046
100256,100168
100256,100239
100257,100101
100257,100150
100257,100502
100257,100576
100257,100860
100257,100880
100257,100921
100258,100208
100258,100343
100258,100509
100258,100572
100258,100640
100258,100884
100259,100013
100259,100136
100259,100199
100259,100224
100259,100623
100260,100045
100260,100251
100260,100268
100260,100302
100260,100493
100260,100517
100261,100048
100261,100369
100261,100488
100261,100626
100261,100884
100262,100484
100262,100671
100262,100787
100263,100373
100263,100554
100263,100831
100264,100015
100264,100166
100264,100393
100264,100900
100265,100328
100265,100349
100265,100743
100265,100809
100265,100935
100265,100943
100266,100106
100266,100154
100266,100539
100266,100643
100267,100120
100267,100153
100267,100178
100267,100184
100267,100370
100267,100379
100267,100557
100267,100600
100268,100180
100268,100519
100268,100556
100268,100671
100268,100672
100268,100954
100269,100149
100269,100984
100270,100243
100270,100255
100270,100507
100270,100593
100270,100852
100270,100879
100271,100037
100271,100134
100271,100172
100271,100379
100271,100476
100271,100530
100271,100774
100272,100183
100272,100212
100272,100376
100272,100567
100273,100796
100273,100823
100274,100516
100274,100620
100274,100769
100274,100844
100274,100936
100275,100732
100275,100900
100275,100960
100276,100423
100276,100483
100276,100568
100276,100609
100276,100668
100276,100747
100276,100759
100277,100208
100277,100274
100277,100638
100277,100672
100277,100824
100278,100145
100278,100430
100278,100679
100278,100909
100279,100230
100279,100292
100279,100424
100280,100069
100280,100153
100280,100330
100280,100344
100280,100370
100280,100425
100280,100613
100281,100156
100281,100215
100281,100255
100281,100378
100281,100408
100281,100888
100282,100338
100282,100427
100282,100806
100282,100879
100283,100413
100283,100533
100283,100599
100283,100697
100283,100832
100283,100938
100284,100056
100284,100232
100284,100738
100284,100796
100284,100861
100285,100328
100285,100635
100285,100662
100286,100015
100286,100151
100286,100278
100286,100570
100287,100477
100287,100846
100288,100080
100288,100140
100288,100861
100288,100864
100288,100880
100289,100176
100289,100261
100289,100276
100289,100586
100289,100784
100290,100306
100290,100331
100290,100382
100290,100708
100290,100787
100290,100925
100291,100123
100291,100185
100291,100206
100291,100219
100291,100221
100291,100258
100291,100468
100291,100613
100292,100029
100292,100467
100292,100515
100292,100611
100292,100635
100292,100663
100292,100744
100293,100473
100293,100690
100293,100889
100294,100284
100294,100475
100294,100481
100294,100662
100294,100700
100294,100729
100294,100924
100295,100015
100295,100054
100295,100096
100295,100272
100295,100428
100295,100710
100295,100744
100295,100765
100296,100184
100296,100642
100296,100789
100296,100950
100297,100172
100297,100229
100297,100299
100297,100568
100297,100664
100297,100806
100298,100038
100298,100138
100298,100467
100298,100480
100298,100704
100298,100824
100298,100876
100299,100529
100299,100728
100299,100829
100300,100048
100300,100463
100300,100483
100301,100224
100301,100741
100301,100977
100302,100349
100302,100411
100302,100460
100302,100475
100302,100498
100302,100628
100303,100071
100303,100165
100303,100209
100303,100245
100303,100266
100303,100486
100303,100619
100303,100984
100304,100437
100304,100899
100304,100920
100305,100216
100305,100477
100306,100193
100306,100424
100306,100694
100306,100887
100306,100972
100307,100010
100307,100290
100307,100292
100307,100331
100307,100579
100307,100713
100307,100864
100308,100095
100308,100228
100308,100444
100308,100793
100308,100862
100308,100979
100309,100093
100309,100278
100309,100431
100309,100503
100309,100789
100309,100866
100310,100007
100310,100090
100310,100222
100310,100319
100310,100405
100310,100546
100310,100855
100311,100319
100311,100336
100311,100487
100312,100030
100312,100089
100312,100582
100312,100941
100313,100461
100313,100567
100313,100730
100313,100911
100314,100176
100314,100468
100315,100009
100315,100129
100315,100431
100315,100592
100315,100976
100316,100308
100316,100317
100316,100375
100316,100378
100316,100457
100316,100512
100316,100723
100317,100206
100317,100575
100317,100655
100318,100299
100318,100476
100318,100580
100318,100701
100318,100795
100318,100926
100319,100578
100319,100628
100319,100727
100319,100955
100320,100607
100320,100704
100320,100708
100320,100733
100320,100804
100320,100932
100320,100959
100321,100046
100321,100205
100321,100253
100321,100312
100321,100447
100321,100990
100322,100013
100322,100363
100322,100590
100322,100602
100322,100758
100322,100932
100323,100023
100323,100412
100323,100505
100323,100564
100323,100638
100324,100018
100324,100249
100324,100419
100324,100497
100324,100567
100324,100569
100324,100706
100324,100755
100324,100805
100324,100985
100325,100307
100325,100353
100325,100476
100325,100559
100325,100589
100325,100669
100325,100901
100326,100070
100326,100378
100326,100729
100326,100860
100327,100553
100327,100606
100328,100146
100328,100463
100328,100473
100328,100996
100329,100020
100329,100063
100329,100412
100329,100506
100329,100527
100329,100739
100330,100114
100330,100517
100330,100776
100330,100792
100331,100163
100331,100795
100331,100818
100332,100106
100332,100158
100332,100201
100332,100265
100332,100462
100332,100709
100332,100750
100332,100786
100333,100016
100333,100124
100333,100465
100333,100751
100333,100812
100333,100866
100334,100186
100334,100878
100334,100923
100335,100057
100335,100465
100335,100515
100335,100560
100336,100147
100336,100445
100336,100506
100336,100779
100337,100367
100337,100632
100337,100816
100338,100252
100338,100853
100338,100927
100338,100994
100339,100083
100339,100155
100339,100241
100339,100808
100339,100854
100340,100007
100340,100215
100340,100370
100340,100381
100340,100432
100340,100574
100340,100708
100340,100899
100340,100943
100341,100647
100341,100735
100341,100838
100341,100955
100342,100359
100342,100420
100342,100479
100342,100502
100343,100025
100343,100357
100344,100065
100344,100068
100344,100131
100344,100239
100344,100422
100344,100474
100344,100580
100344,100671
100344,100754
100345,100284
100345,100509
100345,100555
100346,100355
100346,100432
100346,100445
100346,100801
100346,100807
100346,100831
100347,100111
100347,100206
100347,100652
100347,100706
100347,100821
100347,100945
100348,100058
100348,100171
100348,100242
100348,100554
100348,100860
100348,100899
100348,100944
100349,100083
100349,100448
100349,100711
100349,100944
100349,100946
100350,100294
100350,100373
100350,100390
100350,100406
100350,100899
100350,100919
100350,100990
100350,100997
100351,100010
100351,100078
100351,100188
100351,100420
100351,100945
100352,100375
100352,100711
100352,100829
100352,100974
100353,100009
100353,100021
100353,100320
100353,100344
100353,100449
100353,100609
100353,100793
100353,100899
100354,100002
100354,100360
100354,100366
100354,100464
100354,100909
100354,100944
100355,100457
100355,100778
100356,100404
100356,100460
100356,100674
100356,100701
100356,100815
100356,100825
100357,100356
100357,100361
100357,100386
100357,100429
100357,100619
100358,100038
100358,100096
100358,100227
100358,100471
100358,100829
100358,100870
100359,100353
100359,100756
100360,100030
100360,100745
100360,100889
100361,100315
100361,100364
100361,100925
100362,100107
100362,100529
100362,100686
100362,100837
100362,100920
100362,100984
100363,100068
100363,100211
100363,100621
100363,100950
100363,100980
100364,100229
100364,100232
100364,100261
100364,100333
100364,100389
100364,100543
100364,100850
100365,100050
100365,100160
100365,100244
100365,100320
100365,100488
100366,100095
100366,100132
100366,100430
100366,100694
100366,100727
100366,100882
100367,100504
100367,100951
100368,100113
100368,100342
100368,100627
100368,100769
100368,100985
100368,100999
100369,100062
100369,100138
100369,100245
100369,100574
100369,100821
100370,100572
100370,100645
100370,100708
100370,100996
100371,100110
100371,100146
100371,100161
100371,100617
100371,100628
100371,100884
100371,100967
100372,100143
100372,100487
100372,100729
100372,100766
100372,100925
100373,100287
100373,100292
100373,100343
100373,100402
100373,100688
100373,100734
100373,100795
100373,100910
100373,100993
100374,100096
100374,100875
100375,100045
100375,100357
100375,100402
100375,100548
100375,100602
100375,100627
100376,100035
100376,100180
100376,100715
100376,100944
100377,100175
100377,100184
100377,100238
100378,100116
100378,100919
100378,100920
100379,100828
100379,100866
100379,100944
100380,100533
100380,100896
100381,100313
100381,100423
100381,100463
100381,100636
100381,100790
100381,100995
100382,100501
100382,100718
100382,100733
100382,100798
100382,100835
100383,100140
100383,100554
100383,100605
100383,100719
100383,100918
100383,100973
100384,100311
100384,100382
100384,100717
100384,100804
100385,100091
100385,100470
100385,100642
100385,100898
100385,100965
100386,100873
100386,100997
100386,100998
100387,100367
100387,100487
100387,100533
100387,100585
100387,100632
100387,100766
100388,100087
100389,100336
100389,100595
100389,100798
100389,100840
100390,100098
100390,100127
100391,100081
100391,100095
100391,100149
100391,100201
100391,100359
100391,100405
100391,100446
100391,100518
100391,100543
100391,100629
100391,100938
100392,100137
100392,100264
100392,100416
100392,100620
100392,100695
100393,100005
100393,100056
100393,100244
100393,100375
100393,100516
100393,100653
100393,100671
100393,100726
100394,100840
100394,100864
100394,100954
100394,100978
100395,100136
100395,100195
100395,100404
100395,100915
100395,100973
100396,100051
100396,100077
100396,100382
100397,100239
100397,100427
100397,100504
100397,100529
100397,100607
100397,100731
100397,100912
100398,100009
100398,100341
100398,100481
100398,100570
100398,100582
100398,100674
100398,100677
100399,100064
100399,100500
100399,100690
100400,100102
100400,100273
100400,100317
100400,100331
100400,100446
100400,100486
100400,100631
100400,100743
100400,100826
100400,100918
100401,100589
100401,100679
100401,100920
100402,100184
100402,100988
100403,100134
100403,100183
100403,100424
100403,100673
100403,100763
100403,100778
100403,100950
100403,100995
100404,100152
100404,100200
100404,100243
100404,100551
100404,100627
100404,100641
100405,100299
100405,100416
100405,100824
100406,100268
100406,100753
100407,100001
100407,100373
100407,100537
100407,100566
100407,100599
100407,100774
100407,100872
100408,100152
100408,100228
100408,100323
100408,100704
100409,100262
100409,100269
100409,100690
100409,100949
100410,100821
100410,100986
100411,100057
100411,100205
100411,100287
100411,100403
100411,100629
100411,100633
100411,100712
100411,100805
100412,100718
100413,100603
100413,100837
100413,100852
100414,100020
100414,100095
100414,100126
100414,100423
100414,100440
100414,100457
100414,100754
100414,100865
100415,100335
100415,100398
100415,100444
100416,100122
100416,100326
100416,100614
100416,100838
100417,100068
100417,100457
100417,100464
100417,100519
100417,100919
100418,100116
100418,100279
100418,100398
100418,100649
100418,100695
100419,100113
100419,100240
100419,100264
100419,100783
100420,100077
100420,100110
100420,100526
100420,100657
100420,100920
100421,100023
100421,100271
100421,100327
100421,100949
100421,100967
100422,100084
100422,100125
100422,100208
100422,100245
100422,100311
100422,100360
100422,100452
100422,100878
100423,100097
100423,100140
100423,100267
100423,100617
100423,100789
100423,100891
100423,100915
100423,100979
100424,100047
100424,100172
100424,100434
100424,100799
100424,100941
100424,100951
100424,100985
100425,100143
100425,100154
100425,100377
100425,100412
100425,100789
100426,100173
100426,100599
100426,100823
100426,100869
100426,100881
100426,100966
100427,100112
100427,100455
100427,100620
100427,100711
100427,100898
100427,100934
100427,100943
100427,100993
100428,100160
100428,100247
100428,100911
100429,100109
100429,100176
100429,100624
100430,100116
100430,100169
100430,100204
100430,100412
100430,100652
100430,100718
100430,100847
100431,100320
100431,100455
100431,100461
100431,100617
100432,100050
100432,100274
100432,100478
100432,100665
100432,100807
100433,100322
100433,100582
100433,100591
100433,100828
100433,100898
100434,100081
100434,100093
100434,100224
100434,100417
100434,100487
100434,100490
100434,100579
100434,100754
100434,100917
100435,100124
100435,100216
100435,100220
100435,100743
100436,100549
100436,100639
100436,100849
100436,100910
100437,100096
100437,100367
100437,100757
100437,100994
100438,100215
100438,100303
100438,100379
100438,100415
100438,100624
100438,100864
100438,100905
100438,100988
100439,100194
100439,100789
100440,100213
100440,100615
100441,100117
100441,100332
100441,100463
100441,100846
100441,100931
100442,100138
100442,100224
100442,100316
100442,100804
100443,100475
100443,100754
100443,100877
100444,100146
100444,100272
100444,100678
100444,100859
100445,100063
100445,100427
100445,100646
100445,100873
100446,100013
100446,100091
100446,100123
100446,100537
100446,100581
100446,100663
100446,100736
100446,100792
100447,100093
100447,100149
100447,100207
100447,100433
100447,100863
100448,100082
100448,100162
100448,100405
100449,100536
100449,100745
100449,100753
100449,100827
100450,100250
100450,100647
100450,100703
100450,100888
100451,100055
100451,100312
100451,100408
100451,100419
100451,100690
100451,100706
100452,100046
100452,100072
100452,100847
100453,100082
100453,100715
100453,100722
100453,100733
100454,100254
100454,100296
100454,100471
100454,100642
100454,100714
100454,100754
100454,100764
100454,100793
100454,100956
100455,100232
100455,100618
100455,100760
100456,100042
100456,100607
100456,100800
100457,100221
100457,100360
100457,100368
100457,100632
100457,100771
100458,100324
100458,100802
100458,100856
100459,100091
100459,100878
100459,100983
100460,100178
100460,100306
100460,100336
100460,100553
100460,100556
100461,100152
100461,100303
100461,100323
100461,100394
100461,100639
100461,100990
100462,100094
100462,100185
100462,100646
100462,100930
100463,100729
100464,100117
100464,100255
100464,100279
100464,100333
100464,100508
100464,100825
100464,100922
100465,100001
100465,100045
100465,100420
100465,100525
100465,100605
100465,100611
100465,100848
100465,100992
100466,100101
100466,100365
100467,100406
100467,100633
100467,100768
100467,100916
100468,100052
100468,100279
100468,100304
100468,100526
100468,100647
100468,100847
100468,100974
100469,100051
100469,100312
100469,100505
100469,100575
100469,100675
100469,100738
100469,101000
100470,100694
100470,100698
100470,100940
100470,100975
100471,100307
100471,100455
100471,100879
100472,100267
100472,100365
100472,100851
100472,100919
100472,100939
100473,100411
100473,100792
100473,100840
100474,100152
100474,100179
100474,100184
100474,100728
100475,100032
100475,100152
100475,100334
100475,100693
100475,100714
100475,100791
100475,100850
100476,100409
100476,100514
100476,100567
100476,100677
100476,100789
100476,100975
100477,100415
100477,100470
100477,100634
100477,100641
100478,100310
100478,100727
100478,100876
100479,100447
100479,100464
100479,100677
100479,100999
100480,100136
100480,100282
100480,100570
100480,100821
100481,100137
100481,100603
100481,100730
100481,100767
100482,100055
100482,100186
100482,100238
100482,100267
100482,100488
100482,100564
100482,100752
100483,100021
100483,100024
100483,100256
100483,100931
100484,100097
100484,100670
100485,100034
100485,100120
100485,100399
100485,100474
100485,100593
100486,100105
100486,100141
100486,100356
100486,100433
100486,100719
100487,100143
100487,100575
100487,100705
100487,100824
100488,100275
100488,100309
100488,100765
100488,100813
100488,100924
100488,100998
100489,100144
100489,100472
100489,100785
100490,100125
100490,100308
100490,100447
100490,100756
100490,100820
100490,100895
100491,100013
100491,100216
100491,100473
100491,100830
100491,100922
100492,100064
100492,100357
100492,100465
100492,100474
100493,100587
100493,100851
100494,100066
100494,100160
100494,100355
100494,100394
100494,100553
100494,100676
100494,100692
100494,100800
100494,100909
100495,100178
100495,100228
100495,100722
100496,100030
100496,100134
100496,100260
100496,100742
100496,100751
100497,100085
100497,100203
100497,100422
100497,100524
100498,100462
100498,100514
100498,100526
100498,100574
100498,100586
100498,100608
100498,100802
100498,100844
100499,100045
100499,100083
100499,100087
100499,100118
100499,100308
100499,100311
100499,100411
100499,100565
100499,100812
100500,100031
100500,100238
100500,100382
100500,100405
100500,100410
100500,100794
100500,100846
100501,100399
100501,100670
100501,100703
100502,100195
100502,100457
100502,100539
100502,100646
100502,100750
100502,100805
100503,100044
100503,100188
100503,100326
100503,100517
100503,100547
100503,100676
100503,100821
100503,100961
100504,100193
100504,100329
100504,100483
100504,100661
100504,100689
100504,100783
100504,100879
100504,100883
100504,100951
100504,100970
100505,100087
100505,100144
100505,100521
100505,100629
100505,100828
100505,100953
100505,100994
100506,100244
100506,100311
100506,100573
100506,100597
100507,100392
100507,100450
100507,100601
100507,100638
100507,100661
100508,100266
100508,100540
100508,100755
100508,100771
100509,100651
100509,100933
100509,100940
100510,100153
100510,100181
100510,100237
100510,100833
100510,100876
100511,100077
100511,100381
100511,100557
100511,100751
100512,100023
100512,100138
100512,100219
100512,100286
100512,100627
100513,100067
100513,100116
100513,100123
100513,100800
100513,100990
100514,100203
100514,100276
100514,100445
100514,100904
100515,100011
100515,100109
100515,100831
100515,100919
100515,100925
100516,100662
100516,100771
100517,100093
100517,100138
100517,100174
100517,100346
100517,100455
100517,100701
100517,100824
100517,100872
100518,100114
100518,100176
100518,100407
100518,100829
100519,100026
100519,100132
100519,100389
100519,100414
100519,100564
100520,100095
100520,100108
100520,100225
100520,100308
100520,100340
100520,100363
100521,100106
100521,100457
100521,100727
100521,100927
100522,100435
100522,100868
100523,100093
100523,100414
100523,100436
100523,100529
100523,100850
100524,100077
100524,100287
100524,100570
100524,100679
100524,100829
100524,100967
100525,100041
100525,100205
100525,100340
100525,100751
100526,100111
100526,100126
100526,100608
100527,100044
100527,100199
100527,100234
100527,100823
100528,100119
100528,100465
100528,100811
100528,100924
100528,100965
100528,100969
100529,100416
100529,100473
100529,100597
100529,100731
100529,100884
100530,100052
100530,100081
100530,100258
100530,100783
100530,100842
100530,100982
100531,100016
100531,100173
100531,100289
100531,100293
100531,100472
100531,100930
100532,100100
100532,100536
100532,100551
100532,100947
100533,100346
100533,100554
100533,100588
100533,100661
100533,100747
100534,100070
100534,100126
100534,100349
100534,100444
100534,100649
100534,100984
100535,100194
100535,100431
100535,100501
100535,100681
100535,100842
100536,100462
100536,100470
100536,100742
100536,100782
100536,100801
100536,100835
100536,100912
100536,100997
100537,100043
100537,100253
100537,100405
100538,100086
100538,100215
100538,100310
100538,100509
100539,100031
100539,100226
100539,100786
100539,100819
100539,100867
100540,100228
100540,100392
100540,100424
100540,100850
100540,100859
100540,100880
100541,100020
100541,100325
100541,100700
100541,100883
100542,100042
100542,100090
100542,100437
100543,100177
100543,100313
100543,100440
100543,100655
100543,100700
100543,100863
100544,100034
100544,100159
100544,100363
100544,100404
100544,100487
100544,100892
100545,100091
100545,100185
100545,100220
100545,100299
100545,100653
100545,100730
100545,100829
100546,100327
100546,100922
100546,100931
100547,100008
100547,100192
100547,100293
100547,100309
100547,100318
100547,100615
100547,100622
100547,100738
100547,100989
100548,100009
100548,100019
100548,100282
100548,100654
100548,100798
100548,100863
100549,100010
100549,100020
100549,100220
100549,100287
100549,100293
100549,100902
100549,100958
100550,100153
100550,100457
100550,100538
100550,100918
100551,100005
100551,100181
100551,100343
100551,100905
100552,100153
100552,100179
100552,100334
100553,100036
100553,100182
100553,100586
100553,100818
100554,100455
100554,100629
100554,100659
100554,100788
100555,100376
100555,100591
100555,100635
100556,100359
100556,100632
100556,100711
100556,100714
100557,100252
100557,100331
100557,100357
100557,100550
100558,100584
100558,100663
100558,100711
100559,100217
100559,100303
100560,100019
100560,100139
100560,100511
100560,100536
100560,100591
100560,100757
100560,101000
100561,100011
100561,100185
100561,100259
100561,100358
100561,100422
100561,100535
100561,100756
100561,100970
100562,100056
100562,100383
100562,100456
100562,100495
100562,100904
100563,100001
100563,100327
100563,100473
100563,100564
100564,100067
100564,100367
100564,100390
100564,100412
100564,100491
100564,100629
100565,100063
100565,100079
100565,100720
100566,100056
100566,100090
100566,100320
100566,100394
100566,100803
100566,100840
100567,100169
100567,100287
100567,100876
100567,100958
100568,100041
100568,100393
100568,100418
100568,100702
100568,100954
100569,100100
100569,100141
100569,100463
100569,100668
100570,100430
100570,100666
100570,100874
100571,100049
100571,100061
100571,100205
100571,100274
100571,100495
100571,100546
100571,100740
100571,100955
100572,100426
100572,100659
100572,100768
100572,100772
100572,100808
100573,100203
100573,100302
100573,100532
100573,100569
100573,100906
100574,100527
100574,100817
100574,100826
100574,100841
100575,100399
100575,100497
100575,100539
100575,100663
100575,100727
100576,100043
100576,100212
100576,100256
100576,100492
100576,100725
100576,100875
100577,100496
100577,100509
100577,100559
100577,100615
100577,100646
100577,100799
100577,100913
100578,100267
100578,100822
100579,100154
100579,100230
100579,100557
100580,100447
100580,100676
100580,100814
100580,100823
100580,100972
100581,100020
100581,100136
100581,100192
100581,100374
100581,100821
100581,100873
100582,100135
100582,100392
100582,100774
100583,100049
100583,100062
100583,100133
100583,100692
100583,100801
100583,100940
100584,100070
100584,100641
100584,100731
100584,100814
100584,100850
100584,100915
100585,100185
100585,100368
100585,100410
100585,100766
100585,100949
100586,100135
100586,100159
100586,100297
100586,100415
100586,100492
100586,100609
100586,100764
100586,100799
100586,100836
100587,100101
100587,100157
100587,100558
100587,100611
100587,100689
100587,100755
100588,100251
100588,100276
100588,100412
100588,100752
100588,100801
100588,100857
100588,100920
100589,100005
100589,100060
100589,100131
100589,100257
100589,100497
100589,100639
100590,100018
100590,100092
100590,100353
100590,100559
100590,100703
100590,100814
100591,100367
100591,100590
100591,100742
100591,100935
100592,100458
100592,100511
100592,100536
100592,100580
100592,100752
100592,100859
100592,100994
100593,100098
100593,100352
100593,100369
100593,100415
100593,100515
100593,100611
100593,100782
100594,100228
100594,100320
100594,100330
100594,100334
100594,100361
100594,100455
100595,100398
100595,100494
100595,100499
100595,100555
100595,100893
100596,100277
100596,100493
100596,100580
100597,100185
100597,100585
100597,100701
100597,100928
100598,100025
100598,100027
100598,100595
100598,100726
100599,100327
100599,100401
100599,100511
100599,100755
100600,100084
100600,100249
100600,100312
100600,100495
100600,100497
100600,100612
100600,100961
100601,100206
100601,100225
100601,100243
100601,100565
100601,100883
100602,100031
100602,100534
100603,100314
100603,100597
100603,100918
100604,100047
100604,100058
100604,100190
100604,100824
100604,100831
100604,100980
100605,100071
100605,100105
100605,100166
100605,100263
100605,100424
100605,100495
100605,100775
100605,100798
100606,100288
100606,100485
100606,100612
100606,100743
100606,100969
100606,100995
100607,100060
100607,100165
100607,100265
100607,100345
100607,100611
100608,100178
100608,100245
100608,100280
100608,100829
100609,100050
100609,100457
100609,100484
100609,100624
100610,100543
100610,100587
100610,100590
100610,100819
100610,100865
100611,100159
100611,100238
100611,100367
100611,100537
100612,100053
100612,100237
100612,100263
100612,100786
100613,100089
100613,100599
100613,100727
100614,100239
100614,100937
100615,100221
100615,100414
100615,100485
100615,100754
100615,100998
100616,100147
100616,100164
100616,100615
100616,100821
100617,100103
100617,100306
100617,100744
100617,100873
100617,100874
100618,100202
100618,100254
100618,100306
100618,100553
100618,100620
100619,100007
100619,100179
100619,100266
100619,100673
100619,100686
100619,100953
100620,100008
100620,100247
100620,100338
100621,100036
100621,100204
100621,100273
100621,100399
100621,100504
100621,100581
100621,100718
100621,100904
100621,100987
100622,100089
100622,100483
100622,100547
100623,100657
100623,100753
100623,100836
100623,100904
100624,100247
100624,100485
100624,100698
100624,100811
100625,100091
100625,100239
100625,100466
100625,100801
100625,100940
100626,100175
100626,100677
100626,100709
100626,100755
100626,100941
100626,100943
100627,100058
100627,100060
100627,100958
100627,100973
100628,100055
100628,100237
100628,100386
100628,100556
100628,100783
100628,100827
100628,100850
100629,100191
100629,100659
100629,100707
100629,100971
100630,100174
100630,100225
100630,100307
100630,100445
100630,100615
100630,100985
100631,100226
100631,100288
100631,100425
100631,100590
100631,100754
100631,100984
100632,100273
100632,100274
100632,100502
100632,100825
100632,100842
100632,100855
100632,100867
100633,100160
100633,100233
100633,100278
100633,100817
100633,100862
100634,100047
100634,100098
100634,100347
100634,100398
100634,100544
100634,100668
100634,100833
100634,100947
100635,100364
100635,100391
100635,100878
100636,100245
100636,100297
100636,100377
100636,100890
100636,100902
100636,100949
100636,100958
100637,100213
100637,100639
100637,100860
100638,100748
100638,100866
100638,100974
100639,100050
100639,100150
100639,100178
100639,100420
100639,100602
100639,100719
100640,100181
100640,100681
100640,100732
100640,100761
100640,100808
100641,100243
100641,100246
100641,100310
100641,100631
100642,100068
100642,100079
100642,100235
100642,100476
100642,100607
100642,100676
100642,100752
100642,100879
100643,100073
100643,100152
100643,100326
100643,100472
100643,100721
100643,100847
100644,100313
100644,100571
100644,100703
100644,100826
100644,100966
100644,100979
100645,100663
100645,100746
100645,100756
100645,100793
100645,100857
100646,100010
100646,100455
100646,100530
100646,100715
100646,100760
100646,100816
100646,100868
100647,100032
100647,100368
100647,100628
100647,100731
100647,100980
100648,100052
100648,100223
100648,100392
100648,100510
100648,100936
100648,100982
100649,100440
100649,100445
100649,100606
100649,100808
100649,100858
100649,100988
100650,100029
100650,100060
100650,100148
100650,100209
100650,100372
100650,100797
100651,100721
100651,100946
100652,100434
100652,100472
100652,100484
100652,100513
100652,100718
100652,100818
100652,100830
100653,100020
100653,100218
100653,100312
100653,100331
100653,100361
100654,100125
100654,100306
100654,100546
100654,100971
100655,100063
100655,100465
100655,100582
100655,100914
100655,100937
100656,100262
100656,100278
100656,100333
100656,100578
100656,100655
100656,100855
100657,100146
100657,100189
100657,100395
100657,100447
100657,100897
100658,100308
100658,100577
100658,100629
100658,100826
100658,100857
100659,100282
100659,100288
100659,100388
100659,100957
100659,100972
100660,100193
100660,100211
100660,100237
100660,100290
100660,100417
100660,100573
100660,100728
100661,100127
100661,100158
100661,100251
100661,100405
100661,100504
100661,100563
100661,100775
100661,100857
100662,100092
100662,100140
100662,100400
100662,100463
100662,100622
100662,100830
100663,100093
100663,100175
100663,100178
100663,100231
100663,100470
100663,100627
100663,100723
100663,100854
100663,100903
100663,100928
100664,100017
100664,100093
100664,100377
100664,100383
100664,100573
100664,100994
100665,100010
100665,100134
100665,100149
100665,100396
100665,100415
100665,100442
100665,100505
100665,100761
100665,100929
100666,100248
100666,100383
100666,100556
100666,100665
100667,100317
100668,100180
100668,100198
100668,100586
100668,100600
100668,100608
100668,100879
100669,100142
100669,100503
100669,100656
100669,100996
100670,100039
100670,100158
100670,100388
100670,100684
100670,100857
100670,100920
100671,100001
100671,100093
100671,100211
100671,100688
100671,100968
100672,100025
100672,100058
100672,100504
100672,100510
100672,100534
100672,100662
100673,100239
100673,100255
100673,100480
100673,100783
100673,100916
100674,100006
100674,100162
100674,100448
100674,100615
100674,100617
100674,100885
100674,100907
100675,100069
100675,100225
100675,100228
100675,100458
100675,100564
100675,100693
100675,100959
100676,100021
100676,100122
100676,100314
100676,100369
100676,100488
100676,100524
100676,100882
100677,100063
100677,100196
100677,100328
100677,100451
100677,100540
100677,100986
100678,100104
100678,100111
100678,100258
100678,100490
100678,100510
100679,100001
100679,100178
100679,100245
100679,100533
100679,100686
100679,100819
100680,100340
100680,100540
100680,100553
100680,100600
100680,100693
100680,100984
100681,100049
100681,100252
100681,100940
100682,100099
100682,100214
100682,100547
100682,100629
100682,100714
100682,100915
100683,100151
100683,100207
100683,100370
100683,100618
100683,100804
100684,100011
100684,100460
100684,100495
100684,100789
100684,100826
100685,100080
100685,100134
100685,100212
100686,100313
100686,100349
100686,100506
100687,100735
100687,100912
100688,100069
100688,100092
100688,100121
100688,100182
100688,100208
100688,100368
100688,100380
100688,100672
100688,100782
100688,100819
100689,100009
100689,100136
100689,100292
100689,100491
100689,100603
100689,100941
100690,100507
100690,100523
100690,100669
100690,100750
100690,100822
100690,100987
100691,100037
100691,100216
100691,100470
100691,100766
100691,100865
100692,100104
100692,100211
100692,100768
100692,100890
100693,100005
100693,100136
100693,100332
100693,100362
100694,100061
100694,100097
100694,100212
100694,100321
100694,100534
100694,100539
100694,100688
100694,100707
100695,100023
100695,100028
100695,100412
100695,100449
100695,100538
100695,100565
100695,100628
100695,100846
100695,100927
100696,100152
100696,100335
100696,100751
100696,100987
100697,100390
100697,100434
100697,100601
100697,100922
100698,100144
100698,100697
100698,100722
100698,100899
100698,100985
100699,100311
100699,100555
100699,100940
100700,100146
100700,100253
100700,100446
100700,100510
100700,100723
100701,100111
100701,100170
100701,100649
100701,100793
100701,100820
100701,100902
100701,100925
100702,100083
100702,100114
100702,100340
100702,100383
100702,100435
100702,100618
100702,100715
100702,100820
100702,100947
100703,100158
100703,100233
100703,100309
100703,100342
100703,100421
100703,100731
100703,100867
100704,100539
100704,100608
100704,100616
100705,100068
100705,100233
100705,100333
100705,100372
100705,100718
100705,100824
100705,100882
100705,100945
100706,100093
100706,100368
100706,100374
100706,100620
100706,100723
100706,100838
100707,100119
100707,100530
100707,100692
100707,100717
100707,100872
100707,100984
100708,100075
100708,100341
100708,100782
100708,100804
100708,100940
100709,100130
100709,100383
100709,100415
100709,100593
100709,100717
100709,100926
100710,100722
100711,100146
100711,100412
100711,100454
100711,100599
100711,100606
100711,100702
100711,100838
100711,100899
100711,100965
100712,100029
100712,100679
100712,100703
100712,100881
100713,100189
100713,100215
100713,100406
100713,100702
100714,100379
100714,100590
100714,100601
100714,100701
100715,100104
100715,100227
100715,100447
100715,100969
100716,100238
100716,100345
100716,100480
100716,100685
100717,100310
100717,100908
100717,100973
100718,100331
100718,100567
100718,100638
100718,100768
100718,100853
100719,100140
100719,100236
100719,100550
100719,100561
100719,100873
100720,100456
100720,100591
100720,100605
100720,100682
100720,101000
100721,100162
100721,100416
100721,100420
100721,100649
100721,100992
100722,100069
100722,100204
100722,100296
100722,100305
100722,100526
100722,100611
100722,100727
100722,100750
100722,100806
100722,100890
100723,100408
100723,100972
100724,100054
100724,100295
100724,100448
100724,100449
100724,100461
100725,100326
100725,100394
100725,100487
100725,100676
100725,100811
100725,100963
100726,100298
100726,100453
100726,100655
100726,100710
100726,100981
100727,100033
100727,100545
100727,100762
100727,100984
100728,100119
100728,100428
100728,100499
100728,100544
100728,100666
100729,100400
100729,100469
100729,100665
100729,100667
100729,100755
100729,100816
100729,100976
100730,100325
100730,100758
100731,100179
100731,100209
100731,100443
100732,100063
100732,100725
100732,100816
100732,100916
100733,100377
100733,100755
100733,100992
100734,100576
100734,100673
100734,100875
100735,100340
100735,100711
100735,100837
100735,100865
100736,100073
100736,100539
100736,100911
100737,100633
100737,100758
100737,100952
100738,100117
100738,100321
100738,100583
100738,100629
100738,100634
100738,100888
100739,100027
100739,100044
100739,100761
100739,100806
100740,100366
100741,100104
100741,100229
100742,100138
100742,100290
100742,100466
100742,100583
100742,100682
100742,100703
100742,100863
100743,100604
100743,100695
100744,100036
100744,100061
100744,100332
100744,100353
100744,100433
100744,100653
100744,100731
100744,100835
100745,100031
100745,100078
100745,100135
100745,100180
100745,100255
100745,100642
100745,100694
100745,100804
100745,100811
100746,100241
100746,100257
100746,100300
100746,100334
100746,100388
100746,100533
100746,100678
100746,100800
100746,100874
100746,100910
100746,100994
100747,100315
100747,100628
100747,100833
100747,100918
100747,100929
100748,100392
100748,100439
100748,100645
100748,100749
100748,100752
100748,100788
100749,100568
100749,100706
100750,100062
100750,100302
100750,100417
100750,100496
100751,100096
100751,100127
100751,100131
100751,100198
100751,100878
100752,100073
100752,100182
100752,100190
100752,100908
100752,100929
100753,100137
100753,100369
100753,100513
100753,100527
100753,100747
100753,100790
100754,100002
100754,100050
100754,100142
100754,100145
100754,100894
100755,100037
100755,100205
100755,100423
100755,100458
100755,100721
100755,100972
100756,100035
100756,100254
100756,100291
100756,100640
100756,100661
100756,100719
100756,100869
100757,100155
100757,100972
100758,100056
100758,100475
100758,100501
100758,100551
100758,100576
100758,100587
100759,100401
100759,100497
100759,100594
100759,100678
100760,100115
100760,100598
100760,100794
100760,100872
100760,100926
100760,100930
100760,100948
100761,100058
100761,100663
100761,100739
100761,100790
100762,100961
100762,100989
100763,100343
100763,100582
100763,100780
100763,100835
100763,100893
100764,100034
100764,100320
100764,100371
100764,100487
100764,100600
100764,100670
100765,100109
100765,100161
100765,100187
100765,100401
100765,100700
100765,100702
100766,100236
100766,100370
100766,100617
100766,100669
100766,100694
100767,100326
100767,100525
100767,100652
100767,100762
100767,100830
100767,100841
100767,100851
100768,100089
100768,100312
100768,100521
100768,100944
100769,100265
100769,100488
100769,100591
100769,100798
100769,100829
100770,100533
100770,100955
100770,100991
100771,100172
100771,100277
100771,100382
100771,100517
100771,100612
100771,100627
100771,100978
100772,100227
100772,100543
100772,100555
100773,100099
100773,100425
100773,100588
100773,100655
100774,100114
100774,100489
100774,100580
100774,100603
100775,100107
100775,100242
100775,100433
100775,100667
100775,100809
100775,100822
100776,100055
100776,100210
100776,100348
100776,100425
100776,100442
100776,100527
100776,100651
100776,100687
100776,100960
100777,100320
100777,100509
100777,100687
100777,100869
100777,100988
100778,100145
100778,100529
100778,100641
100779,100340
100779,100352
100779,100785
100780,100322
100780,100361
100780,100461
100780,100500
100780,100553
100780,100764
100780,100793
100780,100858
100780,100949
100781,100054
100781,100080
100781,100255
100781,100370
100781,100519
100781,100627
100782,100134
100782,100244
100782,100799
100782,100935
100783,100047
100783,100113
100783,100163
100783,100356
100783,100477
100783,100649
100783,100938
100784,100086
100784,100247
100784,100260
100784,100284
100784,100308
100784,100327
100784,100328
100784,100646
100784,100684
100784,100731
100785,100172
100785,100292
100785,100441
100785,100477
100785,100564
100785,100565
100785,100596
100785,100644
100785,100654
100785,100675
100786,100285
100786,100505
100786,100635
100786,100652
100786,100699
100786,100762
100787,100149
100787,100466
100787,100511
100787,100732
100787,100907
100788,100007
100788,100048
100788,100438
100788,100516
100788,100517
100788,100605
100788,100730
100788,100893
100788,100987
100789,100091
100789,100200
100789,100233
100789,100250
100789,100313
100789,100332
100789,100384
100789,100899
100790,100503
100790,100548
100790,100840
100790,100842
100790,100999
100791,100169
100791,100604
100791,100725
100791,100726
100791,100842
100792,100452
100792,100488
100792,100551
100792,100687
100793,100210
100793,100312
100793,100655
100793,100715
100793,100840
100793,100848
100793,100955
100794,100153
100794,100313
100794,100496
100794,100695
100794,100747
100795,100043
100795,100179
100795,100203
100795,100402
100795,100654
100795,100743
100795,100908
100796,100344
100796,100457
100797,100162
100797,100458
100798,100012
100798,100110
100798,100193
100798,100370
100798,100405
100799,100058
100799,100272
100799,100311
100799,100410
100799,100413
100799,100489
100799,100494
100799,100964
100800,100076
100800,100215
100800,100292
100800,100882
100800,100944
100800,100991
100801,100256
100801,100273
100801,100626
100801,100959
100802,100127
100802,100309
100802,100710
100802,100718
100802,100770
100803,100070
100803,100115
100803,100285
100803,100545
100803,100604
100803,100614
100803,100708
100803,100834
100804,100359
100804,100364
100804,100488
100804,100816
100805,100129
100805,100165
100805,100227
100805,100263
100805,100819
100806,100111
100806,100187
100806,100335
100806,100518
100806,100718
100807,100078
100807,100351
100807,100576
100807,100738
100808,100002
100808,100688
100808,100713
100808,100909
100809,100008
100809,100035
100809,100050
100809,100249
100809,100267
100809,100552
100809,100587
100809,100714
100809,100788
100810,100070
100810,100396
100811,100003
100811,100033
100811,100110
100811,100370
100811,100449
100811,100619
100811,100657
100812,100039
100812,100150
100812,100185
100812,100478
100812,100751
100812,100962
100813,100219
100813,100430
100813,100676
100814,100158
100814,100597
100814,100654
100814,100699
100814,100726
100814,100993
100815,100171
100816,100008
100816,100121
100816,100484
100816,100553
100816,100817
100816,100906
100816,100968
100817,100037
100817,100424
100817,100460
100817,100848
100818,100300
100818,100302
100818,100505
100818,100713
100818,100714
100819,100289
100819,100469
100819,100495
100819,100579
100819,100677
100819,100903
100819,100939
100819,100995
100820,100299
100820,100324
100820,100388
100820,100690
100820,100932
100821,100360
100821,100587
100821,100660
100822,100101
100822,100238
100822,100440
100822,100488
100822,100494
100822,100560
100822,100583
100822,100830
100822,100942
100823,100285
100823,100385
100823,100453
100823,100526
100824,100104
100824,100114
100824,100232
100824,100291
100825,100764
100825,100849
100825,100878
100825,100966
100826,100010
100826,100491
100826,100530
100826,100629
100826,100944
100827,100006
100827,100321
100827,100808
100827,100812
100828,100198
100828,100272
100828,100324
100828,100501
100828,100573
100828,100591
100828,100885
100828,100951
100829,100486
100829,100547
100829,100592
100829,100630
100829,100964
100830,100192
100830,100264
100830,100667
100831,100339
100831,100378
100831,100777
100832,100702
100832,100704
100832,100786
100832,100801
100832,100805
100833,100179
100833,100231
100833,100260
100833,100476
100833,100596
100833,100813
100834,100167
100834,100464
100834,100611
100835,100031
100835,100132
100835,100463
100835,100733
100836,100076
100837,100143
100837,100229
100837,100391
100837,100453
100837,100819
100837,100889
100837,100963
100838,100109
100838,100813
100838,100867
100839,100035
100839,100135
100839,100142
100839,100397
100840,100119
100840,100270
100840,100302
100840,100846
100840,100930
100841,100021
100841,100058
100841,100786
100841,100813
100842,100101
100842,100234
100842,100291
100842,100316
100842,100327
100842,100378
100842,100456
100842,100677
100842,100735
100843,100268
100843,100280
100843,100283
100843,100847
100844,100047
100844,100148
100844,100167
100844,100290
100844,100310
100844,100417
100844,100476
100844,100761
100844,100771
100844,100975
100845,100108
100845,100390
100845,100639
100845,100801
100846,100056
100846,100076
100846,100094
100846,100329
100847,100144
100847,100287
100847,100336
100847,100351
100847,100572
100847,100866
100848,100002
100848,100175
100848,100881
100848,100922
100849,100013
100849,100388
100849,100595
100849,100720
100849,100910
100850,100231
100850,100281
100850,100385
100850,100573
100850,100723
100850,100974
100851,100165
100851,100421
100851,100665
100851,100921
100852,100070
100852,100750
100852,100976
100853,100077
100853,100082
100853,100206
100853,100377
100853,100391
100853,100840
100854,100402
100854,100544
100854,100561
100854,100621
100854,100964
100855,100173
100855,100256
100855,100288
100855,100312
100855,100610
100855,100738
100855,100760
100855,100832
100855,100965
100855,100971
100856,100080
100856,100107
100856,100223
100856,100395
100856,100534
100856,100588
100856,100602
100856,100606
100856,100756
100856,100920
100857,100096
100857,100634
100857,100988
100858,100060
100858,100347
100858,100376
100858,100474
100859,100609
100859,100745
100860,100064
100860,100384
100860,100629
100860,100645
100860,100909
100861,100428
100861,100674
100861,100871
100861,100915
100862,100257
100862,100382
100862,100471
100862,100495
100862,100758
100863,100354
100863,100722
100863,100733
100864,100032
100864,100403
100864,100678
100864,100769
100865,100166
100865,100442
100865,100443
100865,100446
100865,100466
100865,100610
100865,100992
100866,100049
100866,100175
100866,100266
100866,100966
100867,100175
100867,100262
100867,100423
100867,100620
100867,100670
100867,100765
100868,100131
100868,100169
100868,100609
100868,100648
100868,100749
100868,100998
100869,100075
100869,100325
100869,100494
100869,100609
100869,100622
100869,100988
100870,100457
100870,100481
100870,100520
100870,100559
100870,100617
100870,100912
100870,100929
100871,100445
100871,100673
100872,100121
100872,100161
100872,100525
100872,100537
100872,100777
100873,100044
100873,100055
100873,100214
100873,100298
100873,100302
100873,100403
100873,100508
100873,100529
100873,100935
100874,100104
100874,100386
100874,100707
100874,100788
100874,100984
100875,100155
100875,100340
100876,100211
100876,100549
100876,100885
100877,100212
100877,100620
100877,100998
100878,100072
100878,100195
100878,100227
100878,100511
100878,100555
100879,100323
100879,100420
100879,100454
100879,100971
100880,100028
100880,100086
100880,100582
100880,100714
100881,100461
100881,100554
100881,100568
100881,100851
100881,100912
100881,100919
100881,100932
100882,100289
100882,100322
100882,100568
100882,100703
100882,100740
100882,100904
100883,100222
100883,100266
100883,100284
100883,100833
100883,100948
100884,100154
100884,100542
100884,100733
100884,100748
100884,100962
100885,100488
100885,100554
100885,100683
100886,100111
100886,100230
100886,100272
100886,100535
100887,100032
100887,100409
100887,100677
100888,100066
100888,100243
100888,100289
100888,100469
100888,100612
100888,100650
100888,100747
100889,100305
100889,100354
100889,100383
100889,100494
100889,100538
100889,100692
100889,100698
100889,100852
100889,100905
100890,100234
100890,100244
100890,100265
100890,100282
100890,100313
100890,100674
100891,100099
100891,100170
100892,100051
100892,100102
100892,100454
100892,100486
100892,100554
100892,100896
100893,100090
100893,100271
100893,100332
100893,100380
100893,100403
100893,100676
100893,100690
100893,100997
100894,100324
100894,100586
100894,100641
100894,100687
100894,100991
100895,100013
100895,100312
100895,100347
100895,100528
100895,100537
100895,100563
100896,100041
100896,100569
100896,100575
100896,100861
100897,100503
100897,100533
100898,100158
100898,100270
100898,100387
100898,100551
100898,100557
100898,100572
100899,100044
100899,100056
100899,100244
100899,100252
100899,100578
100899,100868
100900,100370
100900,100485
100900,100710
100900,100737
100900,101000
100901,100004
100901,100130
100901,100150
100901,100583
100901,100804
100901,100837
100902,100438
100902,100937
100902,100997
100903,100020
100903,100048
100903,100090
100903,100268
100903,100309
100903,100394
100904,100302
100904,100466
100904,100561
100904,100575
100905,100020
100905,100068
100905,100219
100905,100844
100906,100093
100906,100312
100906,100469
100906,100585
100906,100678
100906,100724
100907,100329
100907,100398
100907,100499
100907,100641
100907,100648
100908,100020
100908,100615
100908,100698
100908,100817
100909,100054
100909,100253
100909,100291
100909,100337
100909,100492
100909,100558
100909,100595
100909,100937
100910,100205
100910,100704
100910,100815
100911,100048
100911,100081
100911,100100
100911,100200
100911,100597
100911,100901
100912,100027
100912,100047
100912,100426
100912,100521
100912,100612
100912,100777
100913,100212
100913,100226
100913,100552
100913,100587
100913,100607
100913,100641
100914,100020
100914,100173
100914,100175
100914,100347
100914,100450
100914,100462
100914,100573
100914,100628
100914,100668
100914,100886
100914,100950
100915,100169
100915,100654
100915,100664
100915,100870
100916,100265
100916,100299
100916,100449
100916,100516
100916,100553
100916,100653
100916,100713
100916,100862
100917,100084
100917,100862
100918,100114
100918,100155
100918,100207
100918,100297
100918,100485
100918,100632
100919,100169
100919,100382
100919,100573
100919,100589
100919,100730
100919,100865
100919,100961
100920,100119
100920,100334
100920,100435
100920,100809
100920,100903
100921,100135
100921,100316
100921,100537
100921,100707
100922,100059
100922,100405
100922,100541
100922,100664
100922,100804
100923,100205
100923,100408
100923,100563
100923,100979
100924,100483
100924,100502
100924,100773
100925,100501
100925,100692
100925,100774
100926,100146
100926,100352
100926,100917
100927,100263
100927,100315
100927,100513
100927,100677
100927,100683
100928,100175
100928,100272
100928,100481
100928,100662
100929,100092
100929,100094
100929,100114
100929,100429
100929,100445
100929,100469
100929,100705
100929,100821
100929,100941
100929,100964
100930,100229
100930,100658
100931,100356
100931,100558
100931,100702
100932,100139
100932,100397
100932,100606
100932,100691
100932,100984
100933,100167
100933,100182
100933,100190
100933,100265
100933,100745
100934,100066
100934,100136
100934,100380
100934,100486
100934,100649
100934,100979
100935,100907
100936,100391
100936,100696
100937,100141
100937,100379
100937,100597
100937,100827
100938,100192
100938,100334
100938,100353
100938,100710
100939,100457
100939,100486
100940,100046
100940,100047
100940,100162
100940,100262
100940,100466
100940,100682
100941,100270
100941,100370
100941,100637
100941,100832
100941,100840
100941,100893
100942,100056
100942,100451
100942,100567
100943,100276
100943,100477
100943,100500
100943,100617
100943,100951
100944,100214
100944,100270
100944,100494
100944,100790
100945,100045
100945,100185
100945,100232
100945,100284
100945,100453
100945,100546
100945,100657
100945,100774
100946,100018
100946,100572
100946,100612
100946,100674
100946,100858
100947,100276
100947,100369
100947,100521
100947,100838
100948,100109
100948,100277
100948,100578
100948,100596
100949,100064
100949,100391
100949,100441
100949,100449
100949,100615
100949,100730
100949,100763
100949,100862
100950,100155
100950,100507
100950,100978
100951,100012
100951,100328
100951,100331
100951,100771
100951,100912
100952,100714
100952,100975
100953,100414
100953,100684
100953,100889
100953,100932
100954,100037
100954,100100
100954,100241
100954,100512
100954,100538
100954,100729
100954,100824
100954,100907
100954,100971
100954,100993
100955,100057
100955,100088
100955,100136
100956,100124
100956,100493
100956,100579
100956,100685
100956,100757
100956,100984
100957,100024
100957,100353
100957,100808
100957,100842
100958,100279
100958,100567
100958,100580
100958,100828
100959,100078
100959,100079
100959,100555
100959,100843
100960,100149
100960,100159
100960,100424
100960,100563
100960,100916
100961,100133
100961,100179
100961,100479
100961,100529
100961,100643
100961,100995
100962,100368
100962,100609
100962,100662
100962,100687
100962,100696
100962,100761
100962,100771
100962,100775
100963,100103
100963,100554
100963,100604
100963,100695
100964,100056
100964,100128
100964,100233
100964,100762
100965,100285
100965,100567
100966,100063
100966,100410
100966,100684
100966,100707
100966,100722
100966,100860
100966,100865
100966,100960
100967,100072
100967,100569
100967,100573
100967,100636
100967,100861
100968,100397
100968,100855
100969,100449
100969,100710
100969,100839
100970,100088
100970,100120
100970,100536
100970,100581
100971,100024
100971,100184
100971,100230
100971,100429
100971,100470
100971,100750
100971,100929
100972,100116
100972,100172
100972,100287
100972,100594
100972,100715
100972,100737
100972,100771
100972,100989
100973,100155
100973,100224
100973,100415
100973,100549
100973,100794
100974,100091
100974,100423
100974,100614
100974,100704
100974,100771
100975,100122
100975,100150
100975,100339
100975,100617
100975,100643
100975,100888
100976,100434
100976,100627
100976,100783
100976,100959
100977,100487
100978,100587
100979,100043
100979,100416
100979,100634
100979,100637
100979,100680
100979,100686
100979,100833
100979,100903
100980,100171
100980,100189
100980,100242
100980,100264
100980,100808
100981,100044
100981,100090
100981,100095
100981,100110
100981,100488
100981,100584
100981,100817
100981,100973
100982,100307
100982,100439
100982,100628
100982,100638
100982,100718
100982,100980
100983,100081
100983,100427
100983,100720
100983,100757
100984,100208
100984,100405
100985,100457
100985,100464
100985,100708
100985,100795
100985,100850
100985,100925
100985,100934
100986,100020
100986,100051
100986,100178
100986,100862
100986,100875
100987,100285
100987,100352
100987,100497
100987,100511
100987,100601
100987,100612
100987,100634
100987,100732
100987,100740
100987,100836
100988,100036
100988,100199
100988,100652
100989,100220
100989,100462
100989,100489
100989,100515
100989,100763
100989,100790
100989,100815
100990,100387
100990,100585
100990,100864
100991,100190
100991,100394
100991,100552
100991,100727
100991,100822
100991,100923
100991,100927
100992,100055
100992,100146
100992,100530
100993,100016
100993,100153
100993,100426
100993,100548
100993,100578
100993,100787
100993,100820
100993,100967
100994,100193
100994,100282
100994,100285
100994,100302
100994,100351
100994,100586
100994,100757
100995,100005
100995,100694
100995,100980
100996,100105
100996,100184
100996,100217
100996,100636
100997,100151
100997,100303
100997,100427
100997,100743
100997,100914
100998,100124
100998,100474
100998,100632
100998,100710
100998,100762
100999,100109
100999,100140
100999,100167
100999,100204
100999,100524
100999,100973
100999,100982
101000,100162
101000,100269
101000,100466
101000,100525
101000,100701
101000,100702
101000,100776
101000,100789
101000,100862
