user_id,name,gender,age,region,source
100001,Kevin,0,18,Hyderabad,dataset
100002,Raja,0,22,Bangalore,dataset
100003,Manoj,2,35,Bangalore,dataset
100004,Harish,1,19,Chennai,dataset
100005,Ravi,0,25,Coimbatore,dataset
100006,John,0,35,Delhi,dataset
100007,Prakash,2,40,Coimbatore,dataset
100008,Ashwin,0,32,Pondicherry,dataset
100009,Sanjay,0,42,Mumbai,dataset
100010,Prakash,1,28,Hyderabad,dataset
100011,Vijay,0,42,Pune,dataset
100012,Karthik,0,30,Bangalore,dataset
100013,Aditya,1,37,Hyderabad,dataset
100014,Surya,0,41,Salem,dataset
100015,Hari,0,30,Bangalore,dataset
100016,Hari,1,44,Pondicherry,dataset
100017,Yash,1,36,Delhi,dataset
100018,Prakash,0,19,Delhi,dataset
100019,Sathish,1,20,Delhi,dataset
100020,Vimal,0,30,Hyderabad,dataset
100021,Bala,2,44,Pune,dataset
100022,Ajay,1,29,Delhi,dataset
100023,Manoj,1,40,Bangalore,dataset
100024,John,2,23,Coimbatore,dataset
100025,Rohan,0,23,Salem,dataset
100026,Anand,1,38,Coimbatore,dataset
100027,Raja,2,28,Chennai,dataset
100028,Raja,0,43,Pune,dataset
100029,Anand,1,20,Delhi,dataset
100030,Harish,2,28,Delhi,dataset
100031,Kevin,1,30,Salem,dataset
100032,Vijay,1,22,Delhi,dataset
100033,Rohan,2,35,Hyderabad,dataset
100034,Rohan,2,31,Pondicherry,dataset
100035,Anand,1,25,Mumbai,dataset
100036,Gokul,1,20,Chennai,dataset
100037,Vimal,0,22,Mumbai,dataset
100038,Surya,2,31,Pondicherry,dataset
100039,Ravi,1,30,Pondicherry,dataset
100040,Bala,2,26,Coimbatore,dataset
100041,Vimal,0,39,Bangalore,dataset
100042,Manoj,2,42,Hyderabad,dataset
100043,Sathish,2,28,Bangalore,dataset
100044,Vivek,1,23,Salem,dataset
100045,Arun,2,41,Hyderabad,dataset
100046,Gokul,0,34,Bangalore,dataset
100047,Vimal,2,27,Coimbatore,dataset
100048,John,0,22,Pune,dataset
100049,Sathish,0,35,Coimbatore,dataset
100050,Arun,2,28,Salem,dataset
100051,Arun,0,29,Hyderabad,dataset
100052,Raja,0,25,Pondicherry,dataset
100053,Ravi,0,41,Salem,dataset
100054,Varun,0,42,Coimbatore,dataset
100055,Sathish,0,22,Salem,dataset
100056,Hari,0,26,Coimbatore,dataset
100057,Vimal,2,31,Delhi,dataset
100058,Hari,2,40,Delhi,dataset
100059,Prakash,1,30,Pune,dataset
100060,Bala,2,32,Bangalore,dataset
100061,Raja,0,20,Pune,dataset
100062,Arun,2,35,Delhi,dataset
100063,Harish,0,18,Bangalore,dataset
100064,Prakash,2,19,Delhi,dataset
100065,Ravi,0,45,Pune,dataset
100066,Ravi,2,25,Hyderabad,dataset
100067,Manoj,1,24,Coimbatore,dataset
100068,Vijay,2,36,Pondicherry,dataset
100069,Dinesh,0,43,Salem,dataset
100070,Surya,1,24,Bangalore,dataset
100071,Karthik,2,31,Pune,dataset
100072,Ashwin,1,32,Chennai,dataset
100073,Manoj,2,38,Bangalore,dataset
100074,Rahul,1,41,Pune,dataset
100075,Surya,0,25,Delhi,dataset
100076,Nithish,2,32,Mumbai,dataset
100077,Ashwin,0,26,Salem,dataset
100078,Raja,0,32,Coimbatore,dataset
100079,Karthik,0,38,Coimbatore,dataset
100080,Varun,0,20,Delhi,dataset
100081,Ajay,1,33,Salem,dataset
100082,Nithish,1,19,Mumbai,dataset
100083,Anand,0,30,Hyderabad,dataset
100084,Surya,1,27,Kochi,dataset
100085,Prakash,2,43,Coimbatore,dataset
100086,Manoj,2,33,Mumbai,dataset
100087,Nithish,1,24,Chennai,dataset
100088,Harish,2,35,Chennai,dataset
100089,Rohan,1,19,Chennai,dataset
100090,Harish,1,34,Coimbatore,dataset
100091,Ajay,0,34,Bangalore,dataset
100092,Vimal,0,20,Pondicherry,dataset
100093,Ravi,2,45,Delhi,dataset
100094,Anand,0,36,Delhi,dataset
100095,Harish,2,19,Pondicherry,dataset
100096,Ravi,1,39,Pondicherry,dataset
100097,Harish,2,28,Hyderabad,dataset
100098,Nithish,2,40,Pune,dataset
100099,Raja,1,30,Mumbai,dataset
100100,Manoj,2,27,Salem,dataset
100101,Aakash,0,18,Salem,dataset
100102,John,2,21,Bangalore,dataset
100103,Hari,0,34,Hyderabad,dataset
100104,Vijay,1,20,Delhi,dataset
100105,Aditya,1,23,Salem,dataset
100106,Varun,2,40,Hyderabad,dataset
100107,John,2,34,Chennai,dataset
100108,Manoj,2,27,Bangalore,dataset
100109,Yash,0,26,Bangalore,dataset
100110,Yash,0,41,Coimbatore,dataset
100111,Vijay,1,27,Pondicherry,dataset
100112,Nithish,2,28,Delhi,dataset
100113,Manoj,2,45,Hyderabad,dataset
100114,Gokul,1,26,Chennai,dataset
100115,Ravi,2,31,Hyderabad,dataset
100116,Rahul,0,28,Mumbai,dataset
100117,Kevin,1,23,Salem,dataset
100118,Hari,2,31,Coimbatore,dataset
100119,Arun,0,20,Mumbai,dataset
100120,Hari,0,44,Pune,dataset
100121,Harish,2,22,Kochi,dataset
100122,Vijay,0,27,Pune,dataset
100123,Yash,0,29,Delhi,dataset
100124,Manoj,0,39,Bangalore,dataset
100125,Aditya,2,45,Kochi,dataset
100126,John,2,22,Delhi,dataset
100127,Vimal,0,43,Mumbai,dataset
100128,Yash,1,18,Mumbai,dataset
100129,Rohan,1,43,Kochi,dataset
100130,Surya,2,45,Delhi,dataset
100131,Sanjay,0,43,Bangalore,dataset
100132,Anand,0,45,Salem,dataset
100133,Raja,0,44,Salem,dataset
100134,Aditya,1,44,Delhi,dataset
100135,Raja,0,39,Delhi,dataset
100136,Anand,1,26,Bangalore,dataset
100137,Sathish,1,29,Coimbatore,dataset
100138,Anand,2,44,Coimbatore,dataset
100139,Aakash,0,21,Hyderabad,dataset
100140,Ajay,2,26,Chennai,dataset
100141,Karthik,2,31,Pune,dataset
100142,Rohan,1,31,Pondicherry,dataset
100143,Gokul,0,30,Pondicherry,dataset
100144,Nithish,1,19,Kochi,dataset
100145,Arun,2,43,Coimbatore,dataset
100146,Manoj,2,41,Delhi,dataset
100147,Aditya,1,20,Pune,dataset
100148,John,1,39,Bangalore,dataset
100149,Rohan,1,34,Hyderabad,dataset
100150,Manoj,1,28,Kochi,dataset
100151,Prakash,1,35,Mumbai,dataset
100152,Nithish,1,39,Kochi,dataset
100153,Manoj,2,23,Pondicherry,dataset
100154,Harish,1,30,Coimbatore,dataset
100155,Varun,0,27,Hyderabad,dataset
100156,Nithish,1,43,Pondicherry,dataset
100157,John,2,28,Salem,dataset
100158,Bala,1,39,Delhi,dataset
100159,Gokul,1,43,Mumbai,dataset
100160,Manoj,0,27,Coimbatore,dataset
100161,Manoj,2,37,Pune,dataset
100162,Ravi,0,39,Hyderabad,dataset
100163,Raja,0,22,Chennai,dataset
100164,Rahul,0,33,Pondicherry,dataset
100165,Vimal,0,32,Kochi,dataset
100166,Yash,2,36,Delhi,dataset
100167,Prakash,2,30,Salem,dataset
100168,Anand,0,22,Chennai,dataset
100169,Yash,0,42,Kochi,dataset
100170,Raja,0,43,Coimbatore,dataset
100171,Bala,0,35,Delhi,dataset
100172,Vimal,0,32,Mumbai,dataset
100173,Surya,1,39,Coimbatore,dataset
100174,Hari,2,28,Salem,dataset
100175,John,2,34,Kochi,dataset
100176,Varun,2,32,Mumbai,dataset
100177,Rohan,1,32,Hyderabad,dataset
100178,Sathish,0,44,Hyderabad,dataset
100179,Sathish,2,33,Delhi,dataset
100180,Sanjay,1,20,Hyderabad,dataset
100181,Raja,1,28,Pune,dataset
100182,Yash,2,20,Mumbai,dataset
100183,Vijay,0,30,Mumbai,dataset
100184,Prakash,0,20,Kochi,dataset
100185,Ashwin,1,35,Salem,dataset
100186,Ashwin,0,24,Kochi,dataset
100187,Anand,2,40,Chennai,dataset
100188,Vimal,2,30,Salem,dataset
100189,Arun,1,27,Kochi,dataset
100190,Vimal,1,35,Coimbatore,dataset
100191,Surya,2,25,Salem,dataset
100192,Raja,1,31,Salem,dataset
100193,Arun,1,28,Kochi,dataset
100194,Rohan,0,44,Salem,dataset
100195,Vijay,2,35,Chennai,dataset
100196,Anand,2,36,Chennai,dataset
100197,Ravi,2,31,Mumbai,dataset
100198,Vimal,1,23,Chennai,dataset
100199,Sanjay,1,28,Delhi,dataset
100200,Bala,1,28,Kochi,dataset
100201,Sanjay,1,26,Bangalore,dataset
100202,Dinesh,0,41,Coimbatore,dataset
100203,Rahul,1,25,Bangalore,dataset
100204,Sathish,2,19,Chennai,dataset
100205,Raja,0,44,Chennai,dataset
100206,John,0,25,Mumbai,dataset
100207,Dinesh,2,21,Pondicherry,dataset
100208,Nithish,1,40,Hyderabad,dataset
100209,Sathish,1,23,Pondicherry,dataset
100210,John,2,40,Bangalore,dataset
100211,Sathish,0,27,Bangalore,dataset
100212,Harish,0,27,Pondicherry,dataset
100213,Manoj,1,30,Delhi,dataset
100214,Ravi,2,40,Delhi,dataset
100215,Karthik,2,42,Hyderabad,dataset
100216,Vimal,2,37,Bangalore,dataset
100217,Surya,2,43,Chennai,dataset
100218,Aditya,2,31,Pune,dataset
100219,Ravi,2,38,Pune,dataset
100220,Arun,1,44,Salem,dataset
100221,Karthik,1,29,Salem,dataset
100222,Prakash,0,31,Mumbai,dataset
100223,Rohan,2,38,Hyderabad,dataset
100224,John,2,42,Salem,dataset
100225,Bala,1,44,Pondicherry,dataset
100226,Sanjay,1,45,Delhi,dataset
100227,Varun,0,26,Salem,dataset
100228,Raja,1,36,Pondicherry,dataset
100229,Manoj,1,28,Chennai,dataset
100230,Dinesh,1,23,Salem,dataset
100231,Nithish,1,43,Hyderabad,dataset
100232,Aakash,1,37,Hyderabad,dataset
100233,Hari,0,34,Delhi,dataset
100234,Ravi,0,41,Kochi,dataset
100235,Dinesh,2,42,Delhi,dataset
100236,Prakash,1,38,Salem,dataset
100237,Bala,0,20,Hyderabad,dataset
100238,Raja,1,40,Delhi,dataset
100239,Vivek,2,36,Pune,dataset
100240,Dinesh,2,34,Pune,dataset
100241,Ashwin,2,35,Pune,dataset
100242,Aditya,2,32,Hyderabad,dataset
100243,Vivek,1,25,Bangalore,dataset
100244,Rohan,0,28,Bangalore,dataset
100245,Rohan,2,42,Mumbai,dataset
100246,Nithish,0,41,Salem,dataset
100247,Sanjay,2,36,Coimbatore,dataset
100248,John,1,21,Delhi,dataset
100249,Vivek,0,29,Mumbai,dataset
100250,Vivek,0,40,Coimbatore,dataset
100251,Vijay,1,19,Chennai,dataset
100252,Hari,1,40,Mumbai,dataset
100253,Kevin,1,21,Chennai,dataset
100254,Harish,1,33,Salem,dataset
100255,Bala,1,23,Chennai,dataset
100256,Sanjay,1,21,Bangalore,dataset
100257,Anand,1,20,Pondicherry,dataset
100258,Kevin,2,19,Mumbai,dataset
100259,Vijay,2,27,Bangalore,dataset
100260,Raja,0,35,Kochi,dataset
100261,John,2,43,Pondicherry,dataset
100262,Raja,2,30,Salem,dataset
100263,Bala,1,45,Pondicherry,dataset
100264,Ashwin,1,36,Pondicherry,dataset
100265,Rahul,2,41,Bangalore,dataset
100266,Sathish,0,38,Delhi,dataset
100267,Sanjay,2,20,Mumbai,dataset
100268,Raja,0,35,Bangalore,dataset
100269,Ajay,0,31,Salem,dataset
100270,Prakash,2,33,Hyderabad,dataset
100271,Rahul,0,27,Hyderabad,dataset
100272,Prakash,1,20,Delhi,dataset
100273,Sanjay,2,36,Delhi,dataset
100274,Ashwin,0,35,Delhi,dataset
100275,Kevin,0,26,Mumbai,dataset
100276,Ravi,0,23,Hyderabad,dataset
100277,John,2,44,Pondicherry,dataset
100278,Vivek,1,21,Salem,dataset
100279,Prakash,1,40,Kochi,dataset
100280,Sanjay,2,35,Salem,dataset
100281,Bala,0,37,Chennai,dataset
100282,Yash,1,41,Pune,dataset
100283,John,1,18,Bangalore,dataset
100284,Raja,2,44,Pondicherry,dataset
100285,Harish,0,42,Hyderabad,dataset
100286,Harish,0,42,Mumbai,dataset
100287,Dinesh,2,38,Salem,dataset
100288,Sanjay,0,36,Kochi,dataset
100289,Kevin,1,20,Salem,dataset
100290,Aditya,1,28,Pune,dataset
100291,Manoj,0,45,Mumbai,dataset
100292,Aakash,1,40,Salem,dataset
100293,Vivek,2,30,Coimbatore,dataset
100294,Rahul,1,20,Pune,dataset
100295,Sanjay,1,21,Kochi,dataset
100296,Vimal,2,44,Chennai,dataset
100297,Manoj,2,32,Kochi,dataset
100298,Rahul,0,34,Pune,dataset
100299,John,1,38,Salem,dataset
100300,Sathish,0,24,Hyderabad,dataset
100301,Hari,0,27,Salem,dataset
100302,Yash,2,33,Bangalore,dataset
100303,Arun,2,37,Delhi,dataset
100304,Prakash,0,27,Coimbatore,dataset
100305,Arun,2,31,Bangalore,dataset
100306,Raja,0,32,Bangalore,dataset
100307,Kevin,0,33,Hyderabad,dataset
100308,Gokul,2,26,Kochi,dataset
100309,Varun,1,33,Delhi,dataset
100310,Bala,2,22,Kochi,dataset
100311,Nithish,2,34,Mumbai,dataset
100312,Vimal,0,26,Kochi,dataset
100313,Aakash,2,26,Chennai,dataset
100314,Vivek,2,27,Pondicherry,dataset
100315,Harish,2,33,Mumbai,dataset
100316,Bala,2,33,Pune,dataset
100317,Aakash,2,42,Coimbatore,dataset
100318,Anand,1,28,Delhi,dataset
100319,Prakash,0,36,Kochi,dataset
100320,Raja,1,19,Pune,dataset
100321,Rohan,1,40,Kochi,dataset
100322,Anand,2,43,Mumbai,dataset
100323,Dinesh,0,22,Coimbatore,dataset
100324,Harish,1,45,Bangalore,dataset
100325,Vimal,1,21,Coimbatore,dataset
100326,Bala,0,41,Mumbai,dataset
100327,Ashwin,2,22,Bangalore,dataset
100328,Dinesh,1,28,Pondicherry,dataset
100329,Prakash,1,38,Bangalore,dataset
100330,Vimal,1,45,Coimbatore,dataset
100331,Anand,1,38,Salem,dataset
100332,Vimal,2,19,Pondicherry,dataset
100333,Ravi,0,38,Hyderabad,dataset
100334,Raja,2,20,Kochi,dataset
100335,Karthik,2,40,Bangalore,dataset
100336,Bala,0,40,Hyderabad,dataset
100337,Yash,0,19,Pune,dataset
100338,Surya,0,27,Pune,dataset
100339,Aditya,1,22,Delhi,dataset
100340,Gokul,1,36,Mumbai,dataset
100341,Ajay,0,20,Pondicherry,dataset
100342,Vimal,1,37,Delhi,dataset
100343,Dinesh,2,22,Delhi,dataset
100344,Bala,2,26,Salem,dataset
100345,Sanjay,2,18,Salem,dataset
100346,Yash,1,39,Coimbatore,dataset
100347,Ajay,0,32,Pune,dataset
100348,Harish,1,38,Kochi,dataset
100349,Prakash,1,32,Hyderabad,dataset
100350,Nithish,1,45,Salem,dataset
100351,Karthik,0,30,Pondicherry,dataset
100352,Aditya,2,27,Hyderabad,dataset
100353,Arun,2,30,Hyderabad,dataset
100354,Arun,2,45,Chennai,dataset
100355,John,2,33,Hyderabad,dataset
100356,Sathish,0,37,Pune,dataset
100357,Raja,2,24,Pondicherry,dataset
100358,Sanjay,2,42,Mumbai,dataset
100359,Kevin,0,38,Chennai,dataset
100360,Vivek,1,19,Pondicherry,dataset
100361,Aditya,2,22,Bangalore,dataset
100362,Vivek,1,41,Kochi,dataset
100363,Ajay,0,22,Coimbatore,dataset
100364,Yash,1,34,Coimbatore,dataset
100365,Sanjay,0,26,Salem,dataset
100366,Surya,1,41,Pune,dataset
100367,Surya,0,32,Bangalore,dataset
100368,Vijay,0,45,Kochi,dataset
100369,Vimal,2,29,Bangalore,dataset
100370,Surya,1,18,Hyderabad,dataset
100371,Hari,0,32,Pune,dataset
100372,Manoj,2,39,Hyderabad,dataset
100373,Harish,1,44,Pune,dataset
100374,Karthik,2,25,Salem,dataset
100375,Arun,2,35,Pune,dataset
100376,John,0,38,Bangalore,dataset
100377,Kevin,1,40,Hyderabad,dataset
100378,Kevin,1,21,Mumbai,dataset
100379,Rahul,0,27,Salem,dataset
100380,Karthik,0,25,Coimbatore,dataset
100381,Vijay,1,32,Pune,dataset
100382,Manoj,2,40,Coimbatore,dataset
100383,Ashwin,2,41,Mumbai,dataset
100384,Yash,1,38,Bangalore,dataset
100385,Varun,1,37,Kochi,dataset
100386,Sanjay,0,40,Pune,dataset
100387,Nithish,1,32,Delhi,dataset
100388,Vimal,1,21,Pune,dataset
100389,Hari,2,29,Chennai,dataset
100390,Anand,1,24,Bangalore,dataset
100391,Vimal,1,20,Delhi,dataset
100392,Kevin,2,37,Chennai,dataset
100393,Rahul,1,25,Mumbai,dataset
100394,Surya,2,24,Bangalore,dataset
100395,Varun,2,24,Pondicherry,dataset
100396,Nithish,0,28,Mumbai,dataset
100397,Surya,2,18,Hyderabad,dataset
100398,Vimal,0,22,Coimbatore,dataset
100399,Sanjay,0,21,Chennai,dataset
100400,Vijay,0,29,Delhi,dataset
100401,Harish,1,18,Mumbai,dataset
100402,Sanjay,0,22,Kochi,dataset
100403,Gokul,0,41,Bangalore,dataset
100404,Dinesh,1,42,Pune,dataset
100405,Gokul,2,21,Salem,dataset
100406,Gokul,0,37,Chennai,dataset
100407,Rohan,2,34,Hyderabad,dataset
100408,Bala,2,18,Chennai,dataset
100409,Dinesh,1,31,Bangalore,dataset
100410,Dinesh,2,32,Bangalore,dataset
100411,Yash,0,28,Pondicherry,dataset
100412,Vijay,0,22,Hyderabad,dataset
100413,John,2,36,Coimbatore,dataset
100414,Prakash,1,30,Pondicherry,dataset
100415,Gokul,1,32,Coimbatore,dataset
100416,John,1,21,Bangalore,dataset
100417,Vimal,2,38,Coimbatore,dataset
100418,Rohan,0,31,Salem,dataset
100419,Yash,0,31,Pune,dataset
100420,Varun,1,30,Kochi,dataset
100421,Rohan,0,28,Kochi,dataset
100422,Aakash,2,26,Pune,dataset
100423,Vijay,2,33,Bangalore,dataset
100424,Ravi,0,20,Kochi,dataset
100425,Karthik,2,41,Pune,dataset
100426,Surya,0,35,Chennai,dataset
100427,Harish,2,35,Pune,dataset
100428,Manoj,0,31,Pune,dataset
100429,Vimal,2,42,Kochi,dataset
100430,Vimal,2,19,Hyderabad,dataset
100431,John,1,29,Bangalore,dataset
100432,Harish,2,24,Mumbai,dataset
100433,Manoj,1,25,Bangalore,dataset
100434,Aditya,2,29,Bangalore,dataset
100435,Sathish,1,36,Delhi,dataset
100436,Surya,1,45,Coimbatore,dataset
100437,Sathish,2,37,Coimbatore,dataset
100438,Arun,2,39,Hyderabad,dataset
100439,Arun,0,26,Hyderabad,dataset
100440,Aakash,1,18,Mumbai,dataset
100441,Vimal,0,36,Kochi,dataset
100442,Ravi,0,41,Chennai,dataset
100443,Ravi,2,34,Delhi,dataset
100444,Anand,1,32,Pune,dataset
100445,Ajay,1,27,Pune,dataset
100446,Sathish,2,37,Bangalore,dataset
100447,Yash,0,22,Mumbai,dataset
100448,Sathish,2,19,Bangalore,dataset
100449,Sanjay,1,39,Kochi,dataset
100450,Dinesh,2,32,Kochi,dataset
100451,Sanjay,0,42,Coimbatore,dataset
100452,Karthik,1,31,Bangalore,dataset
100453,Vivek,2,39,Pondicherry,dataset
100454,Dinesh,2,39,Hyderabad,dataset
100455,Rahul,0,30,Pondicherry,dataset
100456,Rahul,0,24,Hyderabad,dataset
100457,Nithish,0,42,Hyderabad,dataset
100458,Vivek,1,21,Chennai,dataset
100459,Dinesh,2,31,Mumbai,dataset
100460,Vijay,1,35,Delhi,dataset
100461,Gokul,2,44,Pune,dataset
100462,Ravi,1,45,Chennai,dataset
100463,Ashwin,0,32,Bangalore,dataset
100464,Vimal,1,36,Kochi,dataset
100465,Harish,1,40,Kochi,dataset
100466,Vivek,0,30,Chennai,dataset
100467,Aakash,0,43,Pondicherry,dataset
100468,Bala,2,29,Bangalore,dataset
100469,Ashwin,0,25,Kochi,dataset
100470,Harish,1,34,Bangalore,dataset
100471,Anand,1,41,Pune,dataset
100472,Raja,1,42,Mumbai,dataset
100473,Ravi,2,38,Bangalore,dataset
100474,Gokul,2,24,Pune,dataset
100475,Aditya,2,44,Mumbai,dataset
100476,Raja,0,22,Hyderabad,dataset
100477,Nithish,0,37,Mumbai,dataset
100478,Sathish,2,20,Mumbai,dataset
100479,Sathish,2,33,Salem,dataset
100480,Sathish,2,42,Pondicherry,dataset
100481,Bala,2,36,Pondicherry,dataset
100482,Aakash,2,28,Mumbai,dataset
100483,Bala,0,33,Salem,dataset
100484,Kevin,1,43,Hyderabad,dataset
100485,Harish,0,29,Coimbatore,dataset
100486,Ravi,1,32,Salem,dataset
100487,Rahul,0,29,Hyderabad,dataset
100488,Ravi,2,45,Bangalore,dataset
100489,John,2,34,Kochi,dataset
100490,Bala,2,35,Chennai,dataset
100491,Bala,2,38,Delhi,dataset
100492,Aakash,2,33,Coimbatore,dataset
100493,Vijay,0,32,Bangalore,dataset
100494,Surya,1,40,Bangalore,dataset
100495,Gokul,2,23,Chennai,dataset
100496,Raja,2,32,Salem,dataset
100497,Gokul,2,37,Mumbai,dataset
100498,Aditya,1,27,Kochi,dataset
100499,Ashwin,1,39,Pondicherry,dataset
100500,Rahul,2,38,Pune,dataset
100501,Ravi,1,21,Coimbatore,dataset
100502,Manoj,1,27,Hyderabad,dataset
100503,Rohan,2,37,Mumbai,dataset
100504,Aakash,0,36,Mumbai,dataset
100505,Aditya,1,38,Kochi,dataset
100506,Vijay,2,40,Bangalore,dataset
100507,Vivek,2,30,Pune,dataset
100508,Varun,0,39,Coimbatore,dataset
100509,Ravi,2,39,Kochi,dataset
100510,Gokul,1,18,Pune,dataset
100511,Vivek,0,24,Pune,dataset
100512,Sathish,1,24,Delhi,dataset
100513,Vijay,0,20,Hyderabad,dataset
100514,Vimal,0,34,Coimbatore,dataset
100515,Varun,2,34,Chennai,dataset
100516,Manoj,1,42,Pondicherry,dataset
100517,Vijay,2,30,Mumbai,dataset
100518,Ajay,0,44,Pondicherry,dataset
100519,Surya,0,41,Salem,dataset
100520,Rahul,1,29,Delhi,dataset
100521,Bala,2,27,Salem,dataset
100522,Raja,2,25,Hyderabad,dataset
100523,Surya,1,44,Delhi,dataset
100524,Aditya,2,36,Salem,dataset
100525,Bala,1,42,Kochi,dataset
100526,Gokul,2,31,Mumbai,dataset
100527,Varun,0,43,Pondicherry,dataset
100528,Vijay,1,19,Salem,dataset
100529,Vimal,1,35,Bangalore,dataset
100530,Prakash,2,45,Bangalore,dataset
100531,Vivek,0,42,Mumbai,dataset
100532,Sanjay,1,34,Mumbai,dataset
100533,Varun,1,20,Delhi,dataset
100534,Varun,1,29,Chennai,dataset
100535,Ashwin,0,30,Coimbatore,dataset
100536,Aditya,0,30,Bangalore,dataset
100537,Aditya,0,18,Pune,dataset
100538,Karthik,2,38,Pune,dataset
100539,Surya,0,22,Chennai,dataset
100540,Vivek,1,40,Mumbai,dataset
100541,Sathish,2,33,Salem,dataset
100542,John,0,20,Chennai,dataset
100543,Sanjay,0,44,Mumbai,dataset
100544,Hari,2,37,Coimbatore,dataset
100545,Ashwin,0,42,Hyderabad,dataset
100546,Raja,1,21,Chennai,dataset
100547,Raja,1,38,Pondicherry,dataset
100548,Bala,0,21,Salem,dataset
100549,John,2,18,Coimbatore,dataset
100550,Harish,0,40,Mumbai,dataset
100551,Vivek,1,18,Pondicherry,dataset
100552,Aditya,0,36,Kochi,dataset
100553,Ajay,2,39,Bangalore,dataset
100554,Gokul,1,20,Coimbatore,dataset
100555,Hari,2,43,Coimbatore,dataset
100556,Hari,0,30,Salem,dataset
100557,Rahul,2,30,Pune,dataset
100558,Sanjay,2,18,Pune,dataset
100559,Surya,0,29,Delhi,dataset
100560,Rohan,2,38,Bangalore,dataset
100561,Sathish,2,41,Pune,dataset
100562,Vijay,0,29,Coimbatore,dataset
100563,Aakash,2,23,Salem,dataset
100564,Prakash,1,38,Mumbai,dataset
100565,Surya,0,20,Salem,dataset
100566,Rahul,1,24,Chennai,dataset
100567,Surya,0,19,Pune,dataset
100568,Vivek,2,30,Coimbatore,dataset
100569,Dinesh,1,19,Delhi,dataset
100570,Vivek,1,45,Chennai,dataset
100571,Vimal,2,28,Hyderabad,dataset
100572,Karthik,1,31,Kochi,dataset
100573,Rohan,1,30,Pune,dataset
100574,Ajay,1,40,Salem,dataset
100575,Aditya,2,26,Bangalore,dataset
100576,Rohan,1,20,Kochi,dataset
100577,John,0,35,Hyderabad,dataset
100578,Aakash,0,20,Pune,dataset
100579,Manoj,1,27,Salem,dataset
100580,John,2,31,Mumbai,dataset
100581,Prakash,1,29,Salem,dataset
100582,Rahul,2,45,Pune,dataset
100583,John,1,26,Chennai,dataset
100584,Ravi,2,38,Kochi,dataset
100585,Aditya,2,43,Mumbai,dataset
100586,Arun,0,45,Pondicherry,dataset
100587,Manoj,1,19,Mumbai,dataset
100588,Ravi,0,42,Pune,dataset
100589,Aditya,1,36,Chennai,dataset
100590,John,0,39,Salem,dataset
100591,Aditya,1,32,Bangalore,dataset
100592,Harish,0,34,Pune,dataset
100593,Anand,1,38,Hyderabad,dataset
100594,Raja,0,18,Mumbai,dataset
100595,Dinesh,2,30,Coimbatore,dataset
100596,Karthik,1,42,Hyderabad,dataset
100597,Prakash,1,24,Pondicherry,dataset
100598,Vivek,2,33,Delhi,dataset
100599,Karthik,0,45,Bangalore,dataset
100600,Bala,0,40,Salem,dataset
100601,Ravi,2,45,Pune,dataset
100602,Manoj,1,40,Bangalore,dataset
100603,Hari,2,27,Hyderabad,dataset
100604,Vimal,0,40,Mumbai,dataset
100605,Surya,1,34,Delhi,dataset
100606,Karthik,0,43,Mumbai,dataset
100607,Raja,1,18,Pune,dataset
100608,Hari,2,29,Salem,dataset
100609,Surya,2,22,Pondicherry,dataset
100610,Yash,0,20,Hyderabad,dataset
100611,Anand,2,41,Salem,dataset
100612,Gokul,1,42,Kochi,dataset
100613,Varun,2,20,Mumbai,dataset
100614,Aakash,2,20,Salem,dataset
100615,Bala,2,34,Pune,dataset
100616,Vijay,2,38,Pondicherry,dataset
100617,Ajay,0,31,Coimbatore,dataset
100618,Vimal,0,44,Bangalore,dataset
100619,Gokul,0,27,Mumbai,dataset
100620,Ajay,1,40,Delhi,dataset
100621,Aditya,2,27,Bangalore,dataset
100622,Sanjay,0,38,Coimbatore,dataset
100623,Sanjay,0,38,Hyderabad,dataset
100624,John,2,20,Coimbatore,dataset
100625,Kevin,0,36,Pondicherry,dataset
100626,Vijay,0,39,Pondicherry,dataset
100627,Rohan,2,28,Pondicherry,dataset
100628,Rahul,0,20,Chennai,dataset
100629,Kevin,2,26,Delhi,dataset
100630,Sathish,2,31,Pondicherry,dataset
100631,Kevin,0,33,Coimbatore,dataset
100632,Vivek,2,27,Salem,dataset
100633,Raja,2,30,Hyderabad,dataset
100634,Bala,0,40,Chennai,dataset
100635,Ajay,1,31,Salem,dataset
100636,Bala,0,28,Pondicherry,dataset
100637,Vijay,1,45,Pune,dataset
100638,Rohan,1,30,Mumbai,dataset
100639,Sathish,1,34,Coimbatore,dataset
100640,Karthik,1,25,Salem,dataset
100641,Karthik,1,32,Delhi,dataset
100642,Vijay,0,19,Hyderabad,dataset
100643,Anand,2,31,Delhi,dataset
100644,Vimal,0,44,Pune,dataset
100645,Harish,2,28,Delhi,dataset
100646,Sathish,0,33,Coimbatore,dataset
100647,Bala,1,27,Salem,dataset
100648,Arun,0,30,Coimbatore,dataset
100649,Bala,0,24,Pondicherry,dataset
100650,Aditya,0,19,Hyderabad,dataset
100651,Dinesh,2,44,Salem,dataset
100652,Vivek,2,18,Bangalore,dataset
100653,Ashwin,0,26,Pune,dataset
100654,Sathish,1,29,Chennai,dataset
100655,Anand,0,36,Coimbatore,dataset
100656,Nithish,1,35,Hyderabad,dataset
100657,Ravi,1,34,Salem,dataset
100658,Sathish,2,26,Pondicherry,dataset
100659,Manoj,2,21,Mumbai,dataset
100660,Karthik,1,29,Pune,dataset
100661,Hari,1,42,Mumbai,dataset
100662,Nithish,2,34,Kochi,dataset
100663,Gokul,0,19,Chennai,dataset
100664,Vijay,2,28,Salem,dataset
100665,Gokul,1,22,Pondicherry,dataset
100666,Yash,2,22,Pune,dataset
100667,John,1,23,Kochi,dataset
100668,John,2,44,Hyderabad,dataset
100669,Harish,1,34,Coimbatore,dataset
100670,Hari,1,40,Pondicherry,dataset
100671,Vivek,1,44,Chennai,dataset
100672,Aditya,1,39,Bangalore,dataset
100673,Ashwin,2,27,Chennai,dataset
100674,John,1,26,Pondicherry,dataset
100675,Harish,0,41,Chennai,dataset
100676,Harish,1,23,Coimbatore,dataset
100677,Kevin,2,37,Kochi,dataset
100678,Vijay,2,25,Chennai,dataset
100679,Harish,2,21,Delhi,dataset
100680,Arun,1,28,Kochi,dataset
100681,Vijay,1,40,Delhi,dataset
100682,Ashwin,2,42,Pondicherry,dataset
100683,Dinesh,2,41,Chennai,dataset
100684,Prakash,0,34,Delhi,dataset
100685,Hari,1,39,Salem,dataset
100686,Gokul,1,28,Mumbai,dataset
100687,Bala,2,28,Coimbatore,dataset
100688,Aditya,2,42,Hyderabad,dataset
100689,John,1,24,Delhi,dataset
100690,Sanjay,2,27,Delhi,dataset
100691,Vivek,1,40,Delhi,dataset
100692,Prakash,2,33,Pune,dataset
100693,Dinesh,1,35,Hyderabad,dataset
100694,Vivek,0,36,Coimbatore,dataset
100695,Anand,1,44,Pune,dataset
100696,Sathish,0,27,Chennai,dataset
100697,Vivek,2,20,Pune,dataset
100698,Bala,2,26,Salem,dataset
100699,Nithish,0,44,Coimbatore,dataset
100700,Sanjay,2,40,Hyderabad,dataset
100701,Vijay,0,37,Pondicherry,dataset
100702,Raja,0,19,Coimbatore,dataset
100703,Raja,2,25,Chennai,dataset
100704,Karthik,1,28,Salem,dataset
100705,Karthik,2,42,Mumbai,dataset
100706,Arun,2,23,Kochi,dataset
100707,Kevin,1,33,Delhi,dataset
100708,Sathish,1,28,Hyderabad,dataset
100709,Kevin,0,42,Bangalore,dataset
100710,Kevin,2,25,Coimbatore,dataset
100711,Rohan,2,45,Chennai,dataset
100712,Ajay,1,44,Mumbai,dataset
100713,Rahul,1,43,Salem,dataset
100714,Ajay,2,45,Hyderabad,dataset
100715,Yash,0,18,Hyderabad,dataset
100716,Harish,2,21,Pune,dataset
100717,Vivek,1,38,Coimbatore,dataset
100718,Gokul,1,22,Coimbatore,dataset
100719,Bala,1,24,Bangalore,dataset
100720,Aakash,0,41,Salem,dataset
100721,Kevin,1,40,Mumbai,dataset
100722,Arun,2,28,Hyderabad,dataset
100723,Harish,2,42,Delhi,dataset
100724,Ajay,2,45,Kochi,dataset
100725,Varun,1,34,Pune,dataset
100726,Ravi,1,39,Bangalore,dataset
100727,Ajay,0,33,Pune,dataset
100728,Raja,0,26,Kochi,dataset
100729,Raja,1,42,Hyderabad,dataset
100730,Aakash,1,36,Pondicherry,dataset
100731,Arun,1,38,Pune,dataset
100732,Prakash,0,19,Bangalore,dataset
100733,Bala,1,23,Kochi,dataset
100734,Manoj,2,40,Hyderabad,dataset
100735,Prakash,0,38,Hyderabad,dataset
100736,Aditya,2,25,Delhi,dataset
100737,Vijay,1,22,Salem,dataset
100738,Rohan,2,29,Kochi,dataset
100739,Prakash,2,33,Coimbatore,dataset
100740,Surya,2,44,Delhi,dataset
100741,Sathish,0,39,Pondicherry,dataset
100742,Vimal,0,34,Salem,dataset
100743,Gokul,2,29,Bangalore,dataset
100744,Harish,0,19,Coimbatore,dataset
100745,Yash,2,24,Pondicherry,dataset
100746,Hari,0,23,Pune,dataset
100747,Vimal,2,32,Bangalore,dataset
100748,Manoj,0,40,Pondicherry,dataset
100749,Dinesh,0,34,Salem,dataset
100750,Surya,0,32,Mumbai,dataset
100751,Gokul,1,32,Pondicherry,dataset
100752,Rahul,2,32,Hyderabad,dataset
100753,Rohan,0,30,Hyderabad,dataset
100754,Varun,0,41,Delhi,dataset
100755,Harish,0,19,Kochi,dataset
100756,Aditya,2,20,Coimbatore,dataset
100757,Rahul,0,33,Chennai,dataset
100758,Vivek,1,23,Mumbai,dataset
100759,Sathish,2,41,Kochi,dataset
100760,Aditya,1,32,Kochi,dataset
100761,Anand,0,39,Coimbatore,dataset
100762,Vijay,2,45,Pune,dataset
100763,Karthik,0,35,Kochi,dataset
100764,Gokul,0,41,Delhi,dataset
100765,Varun,0,42,Chennai,dataset
100766,Vivek,1,39,Coimbatore,dataset
100767,Ashwin,2,30,Delhi,dataset
100768,Raja,1,29,Mumbai,dataset
100769,Sanjay,0,41,Bangalore,dataset
100770,Rahul,2,31,Pondicherry,dataset
100771,Sathish,0,25,Delhi,dataset
100772,Ravi,0,37,Chennai,dataset
100773,Bala,2,39,Chennai,dataset
100774,Raja,2,19,Kochi,dataset
100775,Bala,0,35,Delhi,dataset
100776,Sathish,0,22,Coimbatore,dataset
100777,Vivek,0,44,Pondicherry,dataset
100778,Aakash,2,37,Pune,dataset
100779,Raja,1,22,Coimbatore,dataset
100780,Raja,1,27,Hyderabad,dataset
100781,Rahul,2,36,Mumbai,dataset
100782,Kevin,2,31,Coimbatore,dataset
100783,Dinesh,0,29,Kochi,dataset
100784,Surya,2,28,Kochi,dataset
100785,Ashwin,0,27,Kochi,dataset
100786,Ajay,2,33,Delhi,dataset
100787,Vimal,0,27,Mumbai,dataset
100788,Surya,1,19,Coimbatore,dataset
100789,Ashwin,1,35,Coimbatore,dataset
100790,Vijay,1,25,Hyderabad,dataset
100791,Nithish,1,38,Bangalore,dataset
100792,Bala,1,20,Coimbatore,dataset
100793,Rohan,0,19,Hyderabad,dataset
100794,Anand,2,37,Pondicherry,dataset
100795,Rahul,0,24,Pondicherry,dataset
100796,Rohan,2,35,Delhi,dataset
100797,Dinesh,0,45,Pune,dataset
100798,Vivek,0,24,Delhi,dataset
100799,Rohan,0,41,Salem,dataset
100800,Raja,2,37,Delhi,dataset
100801,Anand,0,35,Pune,dataset
100802,Sathish,1,30,Salem,dataset
100803,Hari,2,29,Hyderabad,dataset
100804,Sanjay,1,34,Salem,dataset
100805,Bala,0,43,Salem,dataset
100806,Sathish,1,24,Pune,dataset
100807,Aakash,1,19,Pondicherry,dataset
100808,Vimal,0,41,Mumbai,dataset
100809,Arun,1,35,Pondicherry,dataset
100810,Harish,2,31,Hyderabad,dataset
100811,Vijay,0,28,Delhi,dataset
100812,Anand,2,44,Delhi,dataset
100813,Dinesh,2,38,Pune,dataset
100814,Sanjay,1,41,Salem,dataset
100815,Bala,0,41,Pune,dataset
100816,Ajay,0,41,Coimbatore,dataset
100817,Dinesh,0,35,Chennai,dataset
100818,Gokul,0,44,Bangalore,dataset
100819,Varun,2,19,Chennai,dataset
100820,Ashwin,0,44,Delhi,dataset
100821,Ravi,2,22,Chennai,dataset
100822,Nithish,2,32,Pune,dataset
100823,Rahul,2,38,Pondicherry,dataset
100824,Dinesh,2,33,Chennai,dataset
100825,Arun,2,35,Kochi,dataset
100826,Arun,0,34,Hyderabad,dataset
100827,Hari,1,18,Coimbatore,dataset
100828,Varun,2,39,Kochi,dataset
100829,Surya,0,21,Bangalore,dataset
100830,Gokul,0,25,Delhi,dataset
100831,John,2,26,Pune,dataset
100832,Sanjay,1,20,Pune,dataset
100833,Anand,1,36,Delhi,dataset
100834,Prakash,0,27,Bangalore,dataset
100835,Kevin,2,42,Chennai,dataset
100836,Ravi,1,30,Kochi,dataset
100837,Hari,1,19,Chennai,dataset
100838,Prakash,0,20,Salem,dataset
100839,Vimal,1,38,Pune,dataset
100840,Harish,0,34,Chennai,dataset
100841,Raja,0,45,Pondicherry,dataset
100842,Dinesh,1,19,Bangalore,dataset
100843,Manoj,1,35,Pondicherry,dataset
100844,Manoj,0,23,Pune,dataset
100845,Arun,0,36,Mumbai,dataset
100846,Sathish,2,44,Kochi,dataset
100847,Ravi,1,23,Pondicherry,dataset
100848,Raja,2,44,Kochi,dataset
100849,Manoj,2,28,Kochi,dataset
100850,Sathish,2,22,Bangalore,dataset
100851,Gokul,2,29,Chennai,dataset
100852,Karthik,1,25,Bangalore,dataset
100853,Aakash,2,42,Pondicherry,dataset
100854,John,1,42,Pune,dataset
100855,Arun,2,26,Salem,dataset
100856,Dinesh,0,29,Coimbatore,dataset
100857,Anand,1,23,Pondicherry,dataset
100858,Manoj,1,20,Pondicherry,dataset
100859,Vivek,0,40,Bangalore,dataset
100860,Ravi,1,22,Kochi,dataset
100861,Prakash,2,22,Kochi,dataset
100862,Aakash,1,21,Bangalore,dataset
100863,Arun,1,32,Pune,dataset
100864,Sathish,1,21,Mumbai,dataset
100865,Ravi,0,31,Salem,dataset
100866,Hari,2,34,Kochi,dataset
100867,Karthik,0,20,Pune,dataset
100868,Hari,0,37,Pondicherry,dataset
100869,Surya,1,45,Kochi,dataset
100870,Arun,1,31,Kochi,dataset
100871,Sathish,0,41,Coimbatore,dataset
100872,Yash,0,36,Coimbatore,dataset
100873,Ajay,2,30,Mumbai,dataset
100874,Vijay,1,27,Hyderabad,dataset
100875,Dinesh,0,20,Mumbai,dataset
100876,Ashwin,1,31,Hyderabad,dataset
100877,Dinesh,0,29,Hyderabad,dataset
100878,Raja,2,38,Salem,dataset
100879,John,2,24,Salem,dataset
100880,Karthik,0,27,Chennai,dataset
100881,Anand,1,44,Pondicherry,dataset
100882,Anand,1,32,Pune,dataset
100883,Ashwin,2,37,Mumbai,dataset
100884,Vivek,1,37,Delhi,dataset
100885,Dinesh,1,23,Kochi,dataset
100886,Aakash,1,41,Salem,dataset
100887,Harish,0,28,Kochi,dataset
100888,Sanjay,1,29,Bangalore,dataset
100889,Harish,0,36,Coimbatore,dataset
100890,Ajay,2,42,Coimbatore,dataset
100891,Arun,2,32,Delhi,dataset
100892,Bala,1,44,Bangalore,dataset
100893,Varun,1,39,Salem,dataset
100894,Vijay,2,27,Delhi,dataset
100895,Sanjay,2,22,Kochi,dataset
100896,Surya,1,20,Salem,dataset
100897,John,1,36,Kochi,dataset
100898,Hari,2,45,Kochi,dataset
100899,Hari,0,43,Pune,dataset
100900,Prakash,2,37,Bangalore,dataset
100901,Karthik,0,39,Pune,dataset
100902,Ajay,2,37,Chennai,dataset
100903,Harish,2,39,Kochi,dataset
100904,Sathish,1,43,Kochi,dataset
100905,Karthik,0,21,Hyderabad,dataset
100906,Raja,2,41,Coimbatore,dataset
100907,Hari,2,40,Pondicherry,dataset
100908,Raja,1,29,Kochi,dataset
100909,Bala,2,36,Coimbatore,dataset
100910,Vijay,1,18,Salem,dataset
100911,Karthik,1,31,Bangalore,dataset
100912,Karthik,2,22,Pune,dataset
100913,Vivek,1,32,Delhi,dataset
100914,Gokul,1,29,Salem,dataset
100915,Karthik,1,41,Salem,dataset
100916,Aakash,0,27,Chennai,dataset
100917,Surya,2,21,Chennai,dataset
100918,Vimal,1,38,Bangalore,dataset
100919,Manoj,0,41,Delhi,dataset
100920,Gokul,0,35,Mumbai,dataset
100921,Aakash,2,31,Salem,dataset
100922,Raja,1,38,Mumbai,dataset
100923,Ajay,2,39,Kochi,dataset
100924,Anand,0,41,Pondicherry,dataset
100925,Yash,0,32,Pondicherry,dataset
100926,Ashwin,1,18,Delhi,dataset
100927,Nithish,1,42,Bangalore,dataset
100928,Harish,0,43,Coimbatore,dataset
100929,Ajay,1,28,Delhi,dataset
100930,Bala,0,26,Salem,dataset
100931,Gokul,2,28,Pondicherry,dataset
100932,Anand,2,30,Pondicherry,dataset
100933,Karthik,1,29,Salem,dataset
100934,John,0,44,Hyderabad,dataset
100935,John,2,20,Mumbai,dataset
100936,Aakash,0,25,Hyderabad,dataset
100937,Karthik,0,29,Mumbai,dataset
100938,Gokul,1,31,Pondicherry,dataset
100939,Vijay,2,30,Kochi,dataset
100940,Ajay,1,38,Coimbatore,dataset
100941,Prakash,2,23,Coimbatore,dataset
100942,Ajay,1,27,Mumbai,dataset
100943,Ajay,1,44,Salem,dataset
100944,John,0,45,Pune,dataset
100945,Arun,1,22,Delhi,dataset
100946,Varun,1,35,Coimbatore,dataset
100947,Kevin,1,31,Salem,dataset
100948,Ashwin,2,44,Salem,dataset
100949,Dinesh,0,20,Pondicherry,dataset
100950,Arun,0,27,Chennai,dataset
100951,Sanjay,0,35,Hyderabad,dataset
100952,Ajay,1,36,Salem,dataset
100953,Hari,2,21,Pondicherry,dataset
100954,Karthik,1,42,Coimbatore,dataset
100955,Varun,1,35,Chennai,dataset
100956,Sathish,2,32,Coimbatore,dataset
100957,Nithish,1,21,Delhi,dataset
100958,Vivek,0,32,Hyderabad,dataset
100959,Aditya,0,32,Bangalore,dataset
100960,Sathish,0,24,Pondicherry,dataset
100961,Prakash,1,45,Pondicherry,dataset
100962,Kevin,1,23,Pondicherry,dataset
100963,Vijay,0,44,Delhi,dataset
100964,Surya,0,36,Pune,dataset
100965,Hari,1,37,Coimbatore,dataset
100966,Ajay,1,40,Hyderabad,dataset
100967,Vivek,2,26,Coimbatore,dataset
100968,Yash,2,44,Bangalore,dataset
100969,Vijay,1,19,Hyderabad,dataset
100970,Vimal,2,22,Mumbai,dataset
100971,Raja,0,40,Pune,dataset
100972,Varun,0,42,Kochi,dataset
100973,Dinesh,0,36,Hyderabad,dataset
100974,Kevin,1,30,Salem,dataset
100975,Ravi,2,43,Bangalore,dataset
100976,Anand,2,41,Hyderabad,dataset
100977,Prakash,1,32,Salem,dataset
100978,Aakash,2,18,Bangalore,dataset
100979,Rohan,1,38,Pune,dataset
100980,Vimal,0,43,Coimbatore,dataset
100981,Anand,0,31,Delhi,dataset
100982,Dinesh,1,28,Hyderabad,dataset
100983,Aakash,2,36,Mumbai,dataset
100984,Harish,1,43,Pune,dataset
100985,Yash,2,42,Chennai,dataset
100986,Rahul,0,38,Salem,dataset
100987,Arun,0,45,Mumbai,dataset
100988,Bala,1,18,Kochi,dataset
100989,Nithish,2,22,Hyderabad,dataset
100990,Ajay,1,20,Pune,dataset
100991,Sanjay,0,29,Mumbai,dataset
100992,Rahul,1,38,Hyderabad,dataset
100993,Rohan,2,42,Delhi,dataset
100994,Ashwin,2,20,Bangalore,dataset
100995,Arun,0,33,Bangalore,dataset
100996,Vijay,2,25,Coimbatore,dataset
100997,Manoj,1,18,Chennai,dataset
100998,Prakash,1,44,Bangalore,dataset
100999,Vimal,1,40,Mumbai,dataset
101000,Dinesh,0,25,Kochi,dataset
